u_puuid,v_puuid,anchor_puuid,matchId,queueId,gameStartTimestamp,teamId,team_win
0TS2T3q6U-HvCcRvrHD901ufBcqf8PJQD9FIezhhb87jgq6t64QIiKAG6BAcpiQkcGw7rmfA97dyYg,mnlz08e_BvGXsMmxV2FN-bvaKOvQIHD_wWM1CDQFKQlLnPK6C35bS3SQPB17StNz2-2CJPlYPDLesw,0TS2T3q6U-HvCcRvrHD901ufBcqf8PJQD9FIezhhb87jgq6t64QIiKAG6BAcpiQkcGw7rmfA97dyYg,NA1_5490054892,420,1770882886520,100,True
0TS2T3q6U-HvCcRvrHD901ufBcqf8PJQD9FIezhhb87jgq6t64QIiKAG6BAcpiQkcGw7rmfA97dyYg,EZfAUU3x3jdNnUxa-LWsufSqdCsc3Tvb5EHEkBQh-LZEdd2kNAxGG2h6FBMAjMURn8ScLtaU7FTLyg,0TS2T3q6U-HvCcRvrHD901ufBcqf8PJQD9FIezhhb87jgq6t64QIiKAG6BAcpiQkcGw7rmfA97dyYg,NA1_5489755517,420,1770863157824,100,True
0TS2T3q6U-HvCcRvrHD901ufBcqf8PJQD9FIezhhb87jgq6t64QIiKAG6BAcpiQkcGw7rmfA97dyYg,rQKzVEQVGrkUbT6nDgoHtAnKBn1SGROVIAeeZUbDWHCb6jCYB8XAONcpX-kUc24BL2_ZgrSB5yPLmg,0TS2T3q6U-HvCcRvrHD901ufBcqf8PJQD9FIezhhb87jgq6t64QIiKAG6BAcpiQkcGw7rmfA97dyYg,NA1_5490015095,420,1770878787273,100,False
0TS2T3q6U-HvCcRvrHD901ufBcqf8PJQD9FIezhhb87jgq6t64QIiKAG6BAcpiQkcGw7rmfA97dyYg,Cqo6dL3npr1jSnSOFCFP_po_tda1RUdWSk6ErlnjZDULQnoumJOScramVPv0uvZ5XRiS8TIyBEfKHQ,0TS2T3q6U-HvCcRvrHD901ufBcqf8PJQD9FIezhhb87jgq6t64QIiKAG6BAcpiQkcGw7rmfA97dyYg,NA1_5489911023,420,1770871523437,100,False
0TS2T3q6U-HvCcRvrHD901ufBcqf8PJQD9FIezhhb87jgq6t64QIiKAG6BAcpiQkcGw7rmfA97dyYg,bDdB2X2mdF286nAAT7B-CD0ZAwudq7CDV0dRC0kP7i2AdPWxYLULLDdxZuZsajeSS8s6XwDayxUPVA,0TS2T3q6U-HvCcRvrHD901ufBcqf8PJQD9FIezhhb87jgq6t64QIiKAG6BAcpiQkcGw7rmfA97dyYg,NA1_5489971414,420,1770875517561,100,True
0TS2T3q6U-HvCcRvrHD901ufBcqf8PJQD9FIezhhb87jgq6t64QIiKAG6BAcpiQkcGw7rmfA97dyYg,UkymFTgDji-n7xMUiZo-HvU_7QMmBhugYmMu3XZS1sxay-ZcNdd6sn7SHSQEUXU5nMzjkkPFQVNm4Q,0TS2T3q6U-HvCcRvrHD901ufBcqf8PJQD9FIezhhb87jgq6t64QIiKAG6BAcpiQkcGw7rmfA97dyYg,NA1_5490015095,420,1770878787273,100,False
0TS2T3q6U-HvCcRvrHD901ufBcqf8PJQD9FIezhhb87jgq6t64QIiKAG6BAcpiQkcGw7rmfA97dyYg,sQ7Fb9rRNbJw7g0RMfEbe4bLBWB74Nl8Dm0StsT0wL_HIzXfkpXXYf3pPoxE24y6EmkxzZ47EM2CUQ,0TS2T3q6U-HvCcRvrHD901ufBcqf8PJQD9FIezhhb87jgq6t64QIiKAG6BAcpiQkcGw7rmfA97dyYg,NA1_5489971414,420,1770875517561,100,True
0TS2T3q6U-HvCcRvrHD901ufBcqf8PJQD9FIezhhb87jgq6t64QIiKAG6BAcpiQkcGw7rmfA97dyYg,Oo8LXFm8s-VTh6IzRToN72LITwOQ7k0Yc4q_cWUREAjOJjwPIKdzu3qubZNrkKQFnB_mjvIZDlB31Q,0TS2T3q6U-HvCcRvrHD901ufBcqf8PJQD9FIezhhb87jgq6t64QIiKAG6BAcpiQkcGw7rmfA97dyYg,NA1_5489449314,420,1770835528410,100,True
0TS2T3q6U-HvCcRvrHD901ufBcqf8PJQD9FIezhhb87jgq6t64QIiKAG6BAcpiQkcGw7rmfA97dyYg,5ukUjY7DFyKYN_bpl55BlQzSm7Zrt8ywH64f3Ld6lYCOvLtciWKS0vUjTgfzNkm2wdmZwjWfYBj2cQ,0TS2T3q6U-HvCcRvrHD901ufBcqf8PJQD9FIezhhb87jgq6t64QIiKAG6BAcpiQkcGw7rmfA97dyYg,NA1_5489993889,420,1770876976301,200,True
0TS2T3q6U-HvCcRvrHD901ufBcqf8PJQD9FIezhhb87jgq6t64QIiKAG6BAcpiQkcGw7rmfA97dyYg,P82b7dUGFLaUZXrXt8qlAXnolKTiFyXaWRXJma1JCXNC8aX5baEKjGbKIbJlmVr1DGVyBtbEBrh0QA,0TS2T3q6U-HvCcRvrHD901ufBcqf8PJQD9FIezhhb87jgq6t64QIiKAG6BAcpiQkcGw7rmfA97dyYg,NA1_5489866949,420,1770869111748,100,True
0TS2T3q6U-HvCcRvrHD901ufBcqf8PJQD9FIezhhb87jgq6t64QIiKAG6BAcpiQkcGw7rmfA97dyYg,X83dHD3pbM3_X7AHk4o8RuhVZ6LCpncteN-PfDiBVzuWxkXn2KUj37OSwbU3q1oLRrVXsHtP_7teDQ,0TS2T3q6U-HvCcRvrHD901ufBcqf8PJQD9FIezhhb87jgq6t64QIiKAG6BAcpiQkcGw7rmfA97dyYg,NA1_5489942948,420,1770873495329,100,False
0TS2T3q6U-HvCcRvrHD901ufBcqf8PJQD9FIezhhb87jgq6t64QIiKAG6BAcpiQkcGw7rmfA97dyYg,8n4S3-QOdOLHBAF8EMabE5gLB04I-FysmCdFoX5wRMBLa9zomr18LvQDXEtDCijiN6dx0B-yNz7y1Q,0TS2T3q6U-HvCcRvrHD901ufBcqf8PJQD9FIezhhb87jgq6t64QIiKAG6BAcpiQkcGw7rmfA97dyYg,NA1_5490038515,420,1770881333716,200,True
0TS2T3q6U-HvCcRvrHD901ufBcqf8PJQD9FIezhhb87jgq6t64QIiKAG6BAcpiQkcGw7rmfA97dyYg,ByqncECRW5lJGvOojqVViX_IoeYoExIeN9te180DARtGcH2SisXjhrlYPzHHo3r4IoHn5W5hxEv8nw,0TS2T3q6U-HvCcRvrHD901ufBcqf8PJQD9FIezhhb87jgq6t64QIiKAG6BAcpiQkcGw7rmfA97dyYg,NA1_5490054892,420,1770882886520,100,True
0TS2T3q6U-HvCcRvrHD901ufBcqf8PJQD9FIezhhb87jgq6t64QIiKAG6BAcpiQkcGw7rmfA97dyYg,nWZ6EGIlWTQdDf2JF7HLQo1N2qdlr8tmS2_xi2XlBheCO5K0PgM-bIUDRjiBbkChTf7tqjt4TFVUOw,0TS2T3q6U-HvCcRvrHD901ufBcqf8PJQD9FIezhhb87jgq6t64QIiKAG6BAcpiQkcGw7rmfA97dyYg,NA1_5489449314,420,1770835528410,100,True
0TS2T3q6U-HvCcRvrHD901ufBcqf8PJQD9FIezhhb87jgq6t64QIiKAG6BAcpiQkcGw7rmfA97dyYg,yNKfZEk4GzgeJeYAsgKHAvXw0OKIa0QLFtuBzGxlEgFwoxI547HUB5UAiiyPtW5Z-7njOVv37b4OMg,0TS2T3q6U-HvCcRvrHD901ufBcqf8PJQD9FIezhhb87jgq6t64QIiKAG6BAcpiQkcGw7rmfA97dyYg,NA1_5489755517,420,1770863157824,100,True
bdRRvLUOVzzHbmNJOFXiyHHqEtrXvu3xC5je26bTkioGAYHR0aEKqclhngcBdno1_QYGK1OT22B_Jg,mES1HTjuCapBw3ZLNSvzTynQrx_vcEitlS_R7o_0Ww8A3KHWjXsRTHrk7LSR9tV-BuONIrKpT8elAw,bdRRvLUOVzzHbmNJOFXiyHHqEtrXvu3xC5je26bTkioGAYHR0aEKqclhngcBdno1_QYGK1OT22B_Jg,NA1_5488397160,420,1770700691316,100,False
bdRRvLUOVzzHbmNJOFXiyHHqEtrXvu3xC5je26bTkioGAYHR0aEKqclhngcBdno1_QYGK1OT22B_Jg,wju1JXkrhcgE302B7ZRL7sEJW4tC-p5zA8QTaYD5fQxbmFXVJ3VEhvu5XmPNOCkzma32t7sMTSvQdA,bdRRvLUOVzzHbmNJOFXiyHHqEtrXvu3xC5je26bTkioGAYHR0aEKqclhngcBdno1_QYGK1OT22B_Jg,NA1_5481126904,420,1769989343623,100,True
STOvgX0-stQl6-TKrReFsjyYxD_jEdT6NE1Otcq-taG7DOmWpRRIo3o-OrBuiN-lGTCn_RV3exfUhg,bdRRvLUOVzzHbmNJOFXiyHHqEtrXvu3xC5je26bTkioGAYHR0aEKqclhngcBdno1_QYGK1OT22B_Jg,bdRRvLUOVzzHbmNJOFXiyHHqEtrXvu3xC5je26bTkioGAYHR0aEKqclhngcBdno1_QYGK1OT22B_Jg,NA1_5489544987,420,1770847140348,100,True
bdRRvLUOVzzHbmNJOFXiyHHqEtrXvu3xC5je26bTkioGAYHR0aEKqclhngcBdno1_QYGK1OT22B_Jg,xfGlG3YLaqvJsfmhftVxdhD1h58eHSqYU0G0MrzD5TOqg1Z4r2dBF5QVFqoJqXVSLAaLVQ0PmReP2w,bdRRvLUOVzzHbmNJOFXiyHHqEtrXvu3xC5je26bTkioGAYHR0aEKqclhngcBdno1_QYGK1OT22B_Jg,NA1_5481463451,420,1770008108489,100,True
Xtz7sabQUzu7umanCaRINP_2mK1iRdt-0WR7yzhs7j29_eMG7epOIvkqzlhXXFJIwfR8OuNkGOJznA,bdRRvLUOVzzHbmNJOFXiyHHqEtrXvu3xC5je26bTkioGAYHR0aEKqclhngcBdno1_QYGK1OT22B_Jg,bdRRvLUOVzzHbmNJOFXiyHHqEtrXvu3xC5je26bTkioGAYHR0aEKqclhngcBdno1_QYGK1OT22B_Jg,NA1_5487143808,420,1770584899143,100,False
PrwZ_eKjP6Sspn9ibdyjQuFAHe24rKJqPMycoOWpRSFBkeWooWggN9v3gbssnR4gAnBJa-N_XPl8hQ,bdRRvLUOVzzHbmNJOFXiyHHqEtrXvu3xC5je26bTkioGAYHR0aEKqclhngcBdno1_QYGK1OT22B_Jg,bdRRvLUOVzzHbmNJOFXiyHHqEtrXvu3xC5je26bTkioGAYHR0aEKqclhngcBdno1_QYGK1OT22B_Jg,NA1_5481126904,420,1769989343623,100,True
CBhXUZ5BgUmS-7yfSRcXJqlvYqH5ptvYRkOJJxJi4P17iPTPB26PoYkSACOceAt2xpaQ7_b79902hQ,bdRRvLUOVzzHbmNJOFXiyHHqEtrXvu3xC5je26bTkioGAYHR0aEKqclhngcBdno1_QYGK1OT22B_Jg,bdRRvLUOVzzHbmNJOFXiyHHqEtrXvu3xC5je26bTkioGAYHR0aEKqclhngcBdno1_QYGK1OT22B_Jg,NA1_5481463451,420,1770008108489,100,True
bdRRvLUOVzzHbmNJOFXiyHHqEtrXvu3xC5je26bTkioGAYHR0aEKqclhngcBdno1_QYGK1OT22B_Jg,ufG1E6wcTAoAvYj8qQ-44swplc7KbAuLiwYhrY5iBUaW2ANjHbZrWPM4oU3rtpMPfHjbNHTMNMtwew,bdRRvLUOVzzHbmNJOFXiyHHqEtrXvu3xC5je26bTkioGAYHR0aEKqclhngcBdno1_QYGK1OT22B_Jg,NA1_5487143808,420,1770584899143,100,False
OacTgmQWlLZnnFA2b_xKdWmFtJdjkRPoUyMu8ZYLOFSQXwESJFhoPptdZ0M0gnXgGgsaUzymxiSvuQ,bdRRvLUOVzzHbmNJOFXiyHHqEtrXvu3xC5je26bTkioGAYHR0aEKqclhngcBdno1_QYGK1OT22B_Jg,bdRRvLUOVzzHbmNJOFXiyHHqEtrXvu3xC5je26bTkioGAYHR0aEKqclhngcBdno1_QYGK1OT22B_Jg,NA1_5489616156,420,1770853673273,200,False
5b3NHFMdknUPhP-bcUYzZKTSz32wtUJjBksWXebxQkYV6xRSUT_zASJlIfFIzVXV6IyWifK98Tqx2w,bdRRvLUOVzzHbmNJOFXiyHHqEtrXvu3xC5je26bTkioGAYHR0aEKqclhngcBdno1_QYGK1OT22B_Jg,bdRRvLUOVzzHbmNJOFXiyHHqEtrXvu3xC5je26bTkioGAYHR0aEKqclhngcBdno1_QYGK1OT22B_Jg,NA1_5481093368,420,1769987190496,200,False
bdRRvLUOVzzHbmNJOFXiyHHqEtrXvu3xC5je26bTkioGAYHR0aEKqclhngcBdno1_QYGK1OT22B_Jg,bk0lQnPz1QoHT8QaVmC9GlY4KxqeFExxFuCFZepdq_NYS0vuPPLx8iG2G8kbSuH-yfEwowwaipsZXw,bdRRvLUOVzzHbmNJOFXiyHHqEtrXvu3xC5je26bTkioGAYHR0aEKqclhngcBdno1_QYGK1OT22B_Jg,NA1_5489566245,420,1770849237121,200,True
V2VkZVwk36RWla-RZ6WDJriRleTLbHaFXkbMBzWXt76qf7Ic2yL-qP5WhxRWUBnNHCg4PscSz8QY_A,bdRRvLUOVzzHbmNJOFXiyHHqEtrXvu3xC5je26bTkioGAYHR0aEKqclhngcBdno1_QYGK1OT22B_Jg,bdRRvLUOVzzHbmNJOFXiyHHqEtrXvu3xC5je26bTkioGAYHR0aEKqclhngcBdno1_QYGK1OT22B_Jg,NA1_5479374229,420,1769825215477,100,True
-G32JP7tGAz0xKStHpBbOFFvyHl77GgBFQ_sZYSppLsPm8Ik0s-7FlkADac7fHJQLqFT_AeNm84FvQ,bdRRvLUOVzzHbmNJOFXiyHHqEtrXvu3xC5je26bTkioGAYHR0aEKqclhngcBdno1_QYGK1OT22B_Jg,bdRRvLUOVzzHbmNJOFXiyHHqEtrXvu3xC5je26bTkioGAYHR0aEKqclhngcBdno1_QYGK1OT22B_Jg,NA1_5489592702,420,1770851982577,200,True
bdRRvLUOVzzHbmNJOFXiyHHqEtrXvu3xC5je26bTkioGAYHR0aEKqclhngcBdno1_QYGK1OT22B_Jg,fgXY5hnQUS70g2QzJTWyRzhD6Qhe5LTjaqL6DcvdmJIa23AeBTZXAAroMi212H1KO3eiyjTElZKmYw,bdRRvLUOVzzHbmNJOFXiyHHqEtrXvu3xC5je26bTkioGAYHR0aEKqclhngcBdno1_QYGK1OT22B_Jg,NA1_5488397160,420,1770700691316,100,False
CAAKrXwoGokqy1lAnnaYFr3Z1nYihfYHMDb9J3RGedILbJQtW2k-C4Ke8aADIWQVS3EXhlBnlmjdwA,bdRRvLUOVzzHbmNJOFXiyHHqEtrXvu3xC5je26bTkioGAYHR0aEKqclhngcBdno1_QYGK1OT22B_Jg,bdRRvLUOVzzHbmNJOFXiyHHqEtrXvu3xC5je26bTkioGAYHR0aEKqclhngcBdno1_QYGK1OT22B_Jg,NA1_5489544987,420,1770847140348,100,True
ercbwbA3UFZAz_57oGPS2lOr6rSD1Sy9G84L2_qVrr8CSqnaD7U9AdHP1e6GY929_mfnXo-0ERghfA,ht-Niz_VoDfFTaAXVOpVNWPIwE2frNbiMahtTWIYE_VLNGw1ik1ApUNnIUpi7Y6lVG6H_u-iwWSPjg,ercbwbA3UFZAz_57oGPS2lOr6rSD1Sy9G84L2_qVrr8CSqnaD7U9AdHP1e6GY929_mfnXo-0ERghfA,NA1_5481491421,420,1770009516108,200,True
__hLgYpTfA_oucAcN-qb3fe2jfeLgbluSM7fCpQEBV5poQ2qZwwJZU8IjQxUXjwuYAxsHY3lAmkHJw,ercbwbA3UFZAz_57oGPS2lOr6rSD1Sy9G84L2_qVrr8CSqnaD7U9AdHP1e6GY929_mfnXo-0ERghfA,ercbwbA3UFZAz_57oGPS2lOr6rSD1Sy9G84L2_qVrr8CSqnaD7U9AdHP1e6GY929_mfnXo-0ERghfA,NA1_5467713847,420,1768724193713,100,False
ercbwbA3UFZAz_57oGPS2lOr6rSD1Sy9G84L2_qVrr8CSqnaD7U9AdHP1e6GY929_mfnXo-0ERghfA,pbFAMia9ZckoK3MCyrEYJTplNpkxyHcNcRdbp1UgWH9PuiJuewIwSs7-cHW4Kr2_2GNrV7zQYH-lig,ercbwbA3UFZAz_57oGPS2lOr6rSD1Sy9G84L2_qVrr8CSqnaD7U9AdHP1e6GY929_mfnXo-0ERghfA,NA1_5480471854,420,1769920497874,200,False
UoIsFJBDJnvhf4pGLlpiwWvrIPK32rGGmcs5-X_T3XkdoSX-1mmcqaoNfbnzjLXL5N_FPdYK1K9YXA,ercbwbA3UFZAz_57oGPS2lOr6rSD1Sy9G84L2_qVrr8CSqnaD7U9AdHP1e6GY929_mfnXo-0ERghfA,ercbwbA3UFZAz_57oGPS2lOr6rSD1Sy9G84L2_qVrr8CSqnaD7U9AdHP1e6GY929_mfnXo-0ERghfA,NA1_5480521571,420,1769923223738,100,False
8SQ3siw0tTI8kAtUx2UH-Wdo-XMe6ebbaBHW9Yw5NxEG8Ws7-0XCU3kMf8bIPYWqzZ-VbgvTte4b7g,ercbwbA3UFZAz_57oGPS2lOr6rSD1Sy9G84L2_qVrr8CSqnaD7U9AdHP1e6GY929_mfnXo-0ERghfA,ercbwbA3UFZAz_57oGPS2lOr6rSD1Sy9G84L2_qVrr8CSqnaD7U9AdHP1e6GY929_mfnXo-0ERghfA,NA1_5486794814,420,1770536899962,200,True
LJCXwAR9bX7dBbL4PhswxmiAw7WryKzQSrSDqrHTEsw87TjnqsOo6aewzXNH7ItFzYnqVxdqJZuJYQ,ercbwbA3UFZAz_57oGPS2lOr6rSD1Sy9G84L2_qVrr8CSqnaD7U9AdHP1e6GY929_mfnXo-0ERghfA,ercbwbA3UFZAz_57oGPS2lOr6rSD1Sy9G84L2_qVrr8CSqnaD7U9AdHP1e6GY929_mfnXo-0ERghfA,NA1_5480451673,420,1769919636531,200,True
ercbwbA3UFZAz_57oGPS2lOr6rSD1Sy9G84L2_qVrr8CSqnaD7U9AdHP1e6GY929_mfnXo-0ERghfA,oBITK9CJZ_zXfVvo4-liZJIP9s9GhTdlTpbTYIlSW1qnWS1u23DSzGM_2j4J0V4Ztzt5NzYSlxC6ng,ercbwbA3UFZAz_57oGPS2lOr6rSD1Sy9G84L2_qVrr8CSqnaD7U9AdHP1e6GY929_mfnXo-0ERghfA,NA1_5485798841,420,1770449428811,100,False
O5HY_NW5ciCd83x64TXHMKN_kMoFrktpv7YqDy5d9PdW4R1O0KGHxI21fhRgNwzifl_COghbNJV-xA,ercbwbA3UFZAz_57oGPS2lOr6rSD1Sy9G84L2_qVrr8CSqnaD7U9AdHP1e6GY929_mfnXo-0ERghfA,ercbwbA3UFZAz_57oGPS2lOr6rSD1Sy9G84L2_qVrr8CSqnaD7U9AdHP1e6GY929_mfnXo-0ERghfA,NA1_5480720924,420,1769939095828,200,False
ercbwbA3UFZAz_57oGPS2lOr6rSD1Sy9G84L2_qVrr8CSqnaD7U9AdHP1e6GY929_mfnXo-0ERghfA,xyCOm9sttQ31Z8aI3j9e8KKSqY6M31Dsf2f_607w2tqrVGV4Gz-EpFcxKP4FiHdl4XnDA1LL2B3LEw,ercbwbA3UFZAz_57oGPS2lOr6rSD1Sy9G84L2_qVrr8CSqnaD7U9AdHP1e6GY929_mfnXo-0ERghfA,NA1_5480451673,420,1769919636531,200,True
Ay3xIaBDaUJOlqEHUHRdu6YRRdd2giGndTbv8GRzy_LRblKc5eawlZLKIIrJFSk2ko0M56A_Fy9w1w,ercbwbA3UFZAz_57oGPS2lOr6rSD1Sy9G84L2_qVrr8CSqnaD7U9AdHP1e6GY929_mfnXo-0ERghfA,ercbwbA3UFZAz_57oGPS2lOr6rSD1Sy9G84L2_qVrr8CSqnaD7U9AdHP1e6GY929_mfnXo-0ERghfA,NA1_5485798841,420,1770449428811,100,False
a7Y2g9rZDI79Hf5SbZZYsNysStz_CoDVq53I3d3G28sX3bfI0Ka48fARKcYpQFDFagn2lUcD5g-B5w,ercbwbA3UFZAz_57oGPS2lOr6rSD1Sy9G84L2_qVrr8CSqnaD7U9AdHP1e6GY929_mfnXo-0ERghfA,ercbwbA3UFZAz_57oGPS2lOr6rSD1Sy9G84L2_qVrr8CSqnaD7U9AdHP1e6GY929_mfnXo-0ERghfA,NA1_5468227125,420,1768782879510,100,True
ercbwbA3UFZAz_57oGPS2lOr6rSD1Sy9G84L2_qVrr8CSqnaD7U9AdHP1e6GY929_mfnXo-0ERghfA,wXecagufTcbsLAY24eVvfXU4OE1a9muztDBEAiecYEfqDGr6vVjC-UYhuUiYrLuYgDT2OhPe1lNc5w,ercbwbA3UFZAz_57oGPS2lOr6rSD1Sy9G84L2_qVrr8CSqnaD7U9AdHP1e6GY929_mfnXo-0ERghfA,NA1_5480521571,420,1769923223738,100,False
FkG0E1l-AlsEB9ZVb8FAje5_qjLfyJY0zDO_OzjGrHPDbQPY4zk9aIJRAAG1lmwrf6d_PbuSd0yEOQ,ercbwbA3UFZAz_57oGPS2lOr6rSD1Sy9G84L2_qVrr8CSqnaD7U9AdHP1e6GY929_mfnXo-0ERghfA,ercbwbA3UFZAz_57oGPS2lOr6rSD1Sy9G84L2_qVrr8CSqnaD7U9AdHP1e6GY929_mfnXo-0ERghfA,NA1_5468227125,420,1768782879510,100,True
DEYuH2UQSpvzPNd_hYMCwDT3yQy6Zj-NxpTNpLC7IKU_CzRLJNodkdodkrmRzyHghc-_w4hRbZNeVA,ercbwbA3UFZAz_57oGPS2lOr6rSD1Sy9G84L2_qVrr8CSqnaD7U9AdHP1e6GY929_mfnXo-0ERghfA,ercbwbA3UFZAz_57oGPS2lOr6rSD1Sy9G84L2_qVrr8CSqnaD7U9AdHP1e6GY929_mfnXo-0ERghfA,NA1_5485798841,420,1770449428811,100,False
U5N7VuWjrcd-k061dXxCKSIUJff-c4rDppdQVTD8Wfx7M2N6xvsL3-G-VMPxEofGnkXXiwY3G711Lg,ercbwbA3UFZAz_57oGPS2lOr6rSD1Sy9G84L2_qVrr8CSqnaD7U9AdHP1e6GY929_mfnXo-0ERghfA,ercbwbA3UFZAz_57oGPS2lOr6rSD1Sy9G84L2_qVrr8CSqnaD7U9AdHP1e6GY929_mfnXo-0ERghfA,NA1_5486794814,420,1770536899962,200,True
7DRlXdgW2LkjbxBOarfHZzRxFKORavMW4Ex9hfgblbwefseQscvziQ_TrLIxmVlAS1tw5Ii-90wEYw,aNbBE2erT7iCMYmFCtucaPF7YMfVVHIzvySWdVPfBu7fpF8GJ09M1ggm6H8Rl3oc1VjITf1WmcX8RA,aNbBE2erT7iCMYmFCtucaPF7YMfVVHIzvySWdVPfBu7fpF8GJ09M1ggm6H8Rl3oc1VjITf1WmcX8RA,NA1_5485600126,420,1770438335895,200,False
aNbBE2erT7iCMYmFCtucaPF7YMfVVHIzvySWdVPfBu7fpF8GJ09M1ggm6H8Rl3oc1VjITf1WmcX8RA,rCXq8GMWzpSlCXXR_x8GqWV4xYt09awTHGIghxzFczyXABpu-Y9w8zWW1ev7__HfuY3bBrVyIfoWYg,aNbBE2erT7iCMYmFCtucaPF7YMfVVHIzvySWdVPfBu7fpF8GJ09M1ggm6H8Rl3oc1VjITf1WmcX8RA,NA1_5486679393,420,1770529645892,200,True
aNbBE2erT7iCMYmFCtucaPF7YMfVVHIzvySWdVPfBu7fpF8GJ09M1ggm6H8Rl3oc1VjITf1WmcX8RA,c-yexFqFcflEiZzrOz_5D1hdNEDnJ2IvMXrkkmlB6zeKz1xoKyrnXVtDukHQtGXicGptCeql8ey-vA,aNbBE2erT7iCMYmFCtucaPF7YMfVVHIzvySWdVPfBu7fpF8GJ09M1ggm6H8Rl3oc1VjITf1WmcX8RA,NA1_5485334662,420,1770424016333,200,False
1hsZ1VNbDmhRua8Cremb9b8LYRSkQjnanPpoxoNvE5oKk0cB3hQITKa6eOKqIdfto1oxCpV04jYhoA,aNbBE2erT7iCMYmFCtucaPF7YMfVVHIzvySWdVPfBu7fpF8GJ09M1ggm6H8Rl3oc1VjITf1WmcX8RA,aNbBE2erT7iCMYmFCtucaPF7YMfVVHIzvySWdVPfBu7fpF8GJ09M1ggm6H8Rl3oc1VjITf1WmcX8RA,NA1_5486736984,420,1770532872420,100,True
aNbBE2erT7iCMYmFCtucaPF7YMfVVHIzvySWdVPfBu7fpF8GJ09M1ggm6H8Rl3oc1VjITf1WmcX8RA,cH2pn3AOhTXeoZAvIj9QX9Cx9eIz569TuZeg1w92RU7qKna-_B377WCtlUDht-rEpt2GvqPNmI5Ufg,aNbBE2erT7iCMYmFCtucaPF7YMfVVHIzvySWdVPfBu7fpF8GJ09M1ggm6H8Rl3oc1VjITf1WmcX8RA,NA1_5485435768,420,1770430080387,100,True
aNbBE2erT7iCMYmFCtucaPF7YMfVVHIzvySWdVPfBu7fpF8GJ09M1ggm6H8Rl3oc1VjITf1WmcX8RA,mRvkfMrXyurY0-muqrXV9azStSJ6qyRvdqAxUQjzVS8VNICiiWw-7HtDLLgHKZvkKNsLj73xB7ywcw,aNbBE2erT7iCMYmFCtucaPF7YMfVVHIzvySWdVPfBu7fpF8GJ09M1ggm6H8Rl3oc1VjITf1WmcX8RA,NA1_5485600126,420,1770438335895,200,False
CrAW75itZ9jyW1DH4rWVrgv5m8l-g4MnbAO3gLFjHby23KjgeJZ11Pkwc-rHgTQM6rtNAZeMxClZGA,aNbBE2erT7iCMYmFCtucaPF7YMfVVHIzvySWdVPfBu7fpF8GJ09M1ggm6H8Rl3oc1VjITf1WmcX8RA,aNbBE2erT7iCMYmFCtucaPF7YMfVVHIzvySWdVPfBu7fpF8GJ09M1ggm6H8Rl3oc1VjITf1WmcX8RA,NA1_5485519036,420,1770434438865,200,False
ZLULVu-jxQnLUh3nYv2owcQAThNBWWy_l2hf7LO2usIXQprp6wV7E2hCg_1LMxdUD2foquweAY1qUQ,aNbBE2erT7iCMYmFCtucaPF7YMfVVHIzvySWdVPfBu7fpF8GJ09M1ggm6H8Rl3oc1VjITf1WmcX8RA,aNbBE2erT7iCMYmFCtucaPF7YMfVVHIzvySWdVPfBu7fpF8GJ09M1ggm6H8Rl3oc1VjITf1WmcX8RA,NA1_5485600126,420,1770438335895,200,False
85iQkBP18b37cfJyoWcrBObUQcBtwA9yZXnJ66weVFBU4GAYvEPQZHXXYvzahiyDOVVLNd1nC0XWEg,aNbBE2erT7iCMYmFCtucaPF7YMfVVHIzvySWdVPfBu7fpF8GJ09M1ggm6H8Rl3oc1VjITf1WmcX8RA,aNbBE2erT7iCMYmFCtucaPF7YMfVVHIzvySWdVPfBu7fpF8GJ09M1ggm6H8Rl3oc1VjITf1WmcX8RA,NA1_5486794988,420,1770536989717,200,False
aNbBE2erT7iCMYmFCtucaPF7YMfVVHIzvySWdVPfBu7fpF8GJ09M1ggm6H8Rl3oc1VjITf1WmcX8RA,hpP3bD59FgO1TbEr3fPq5HHsT5sfJWKTlxPqKEp4TJnavPoKMVX5z95TqpwW1_m2LmKbA2yIkBpXjQ,aNbBE2erT7iCMYmFCtucaPF7YMfVVHIzvySWdVPfBu7fpF8GJ09M1ggm6H8Rl3oc1VjITf1WmcX8RA,NA1_5486654574,420,1770528340591,100,True
aNbBE2erT7iCMYmFCtucaPF7YMfVVHIzvySWdVPfBu7fpF8GJ09M1ggm6H8Rl3oc1VjITf1WmcX8RA,yQKdUXWhgMDjrRadGnyiALvVz1JZpTCaQapxSpjmRUjw9CSNbv6XvIo-rar4dY6iMcLlsmrWj5d7VQ,aNbBE2erT7iCMYmFCtucaPF7YMfVVHIzvySWdVPfBu7fpF8GJ09M1ggm6H8Rl3oc1VjITf1WmcX8RA,NA1_5485475714,420,1770432368155,200,False
Rtuewui68MT553cKXfdYNHHBumv3D0jSYQwZd1V7DArpO-bMmj2ebEy4o6IdSSg2oJ_Up2VepuwLQg,aNbBE2erT7iCMYmFCtucaPF7YMfVVHIzvySWdVPfBu7fpF8GJ09M1ggm6H8Rl3oc1VjITf1WmcX8RA,aNbBE2erT7iCMYmFCtucaPF7YMfVVHIzvySWdVPfBu7fpF8GJ09M1ggm6H8Rl3oc1VjITf1WmcX8RA,NA1_5485435768,420,1770430080387,100,True
aNbBE2erT7iCMYmFCtucaPF7YMfVVHIzvySWdVPfBu7fpF8GJ09M1ggm6H8Rl3oc1VjITf1WmcX8RA,d_Ki1XNped1_Hm0jtadhi7-aiowCra6kmBrY4FeR-6rjfSpT1rKQvj-y0OKf5FkQ_1TcifameIDiQw,aNbBE2erT7iCMYmFCtucaPF7YMfVVHIzvySWdVPfBu7fpF8GJ09M1ggm6H8Rl3oc1VjITf1WmcX8RA,NA1_5485334662,420,1770424016333,200,False
aNbBE2erT7iCMYmFCtucaPF7YMfVVHIzvySWdVPfBu7fpF8GJ09M1ggm6H8Rl3oc1VjITf1WmcX8RA,l1t0rmuVVuV42NASueOL76dY5PnNGczkCY5ssfmRFNy3OfYG7T_egIBKpicDLyLWWa2DiEqHCWKICQ,aNbBE2erT7iCMYmFCtucaPF7YMfVVHIzvySWdVPfBu7fpF8GJ09M1ggm6H8Rl3oc1VjITf1WmcX8RA,NA1_5485646613,420,1770440669630,100,True
aNbBE2erT7iCMYmFCtucaPF7YMfVVHIzvySWdVPfBu7fpF8GJ09M1ggm6H8Rl3oc1VjITf1WmcX8RA,oKLsNkvFk4SDN1AxLdP80vJgnmOGERy3V9u4LWlPlDigc-zihS50qiJl-EkLdBY-Hw6jvnB7TaARcw,aNbBE2erT7iCMYmFCtucaPF7YMfVVHIzvySWdVPfBu7fpF8GJ09M1ggm6H8Rl3oc1VjITf1WmcX8RA,NA1_5486654574,420,1770528340591,100,True
tJy3DnuxpQ8qKDN2Q_YpfN6aJg9GCrVrIBPpFTlfIQEZcNT1qw_8KhIdrruGa9VE5Ygyaux14zpEiQ,v_Tpk4dXN7Pgwj6nGjAfKXAuAC1ULUIRc51Xqiii6fLpSCIi0eX0SYkX0YRce__Av2IgVi2d5ZJ4xQ,tJy3DnuxpQ8qKDN2Q_YpfN6aJg9GCrVrIBPpFTlfIQEZcNT1qw_8KhIdrruGa9VE5Ygyaux14zpEiQ,NA1_5488493494,420,1770707987453,100,False
qTr0nNZ-JXTyyXygSzw1ZlnNpeSROiCOZZY3whCvcFmdaG8OFBJaBAswjHqTTMIdLSJdy0z_jBhWqQ,tJy3DnuxpQ8qKDN2Q_YpfN6aJg9GCrVrIBPpFTlfIQEZcNT1qw_8KhIdrruGa9VE5Ygyaux14zpEiQ,tJy3DnuxpQ8qKDN2Q_YpfN6aJg9GCrVrIBPpFTlfIQEZcNT1qw_8KhIdrruGa9VE5Ygyaux14zpEiQ,NA1_5490204265,420,1770920375128,100,False
PJjWbI7e3-Iqi4TIba8vpqU5TcJEqxFM2Xc5W3sZQvctVoVAXoxWcUPUztr_s_seHwYM8fDJPixWzQ,tJy3DnuxpQ8qKDN2Q_YpfN6aJg9GCrVrIBPpFTlfIQEZcNT1qw_8KhIdrruGa9VE5Ygyaux14zpEiQ,tJy3DnuxpQ8qKDN2Q_YpfN6aJg9GCrVrIBPpFTlfIQEZcNT1qw_8KhIdrruGa9VE5Ygyaux14zpEiQ,NA1_5488531371,420,1770713045849,100,True
DjN9kQi4GV-un-UhfYadsekZwC149rH9OXIrWR_KLhMUJjR2v02DM8tLGStINhK6ZchJ7_1C1Y9QEA,tJy3DnuxpQ8qKDN2Q_YpfN6aJg9GCrVrIBPpFTlfIQEZcNT1qw_8KhIdrruGa9VE5Ygyaux14zpEiQ,tJy3DnuxpQ8qKDN2Q_YpfN6aJg9GCrVrIBPpFTlfIQEZcNT1qw_8KhIdrruGa9VE5Ygyaux14zpEiQ,NA1_5488572794,420,1770723266888,100,False
1iU-4PbXENQWNR4_G9X__1Mkwe_pFCz9FePRAsaU6sUVoMxKTLSXFDIl_UjGtHCPWl9fMjY4dP6HKQ,tJy3DnuxpQ8qKDN2Q_YpfN6aJg9GCrVrIBPpFTlfIQEZcNT1qw_8KhIdrruGa9VE5Ygyaux14zpEiQ,tJy3DnuxpQ8qKDN2Q_YpfN6aJg9GCrVrIBPpFTlfIQEZcNT1qw_8KhIdrruGa9VE5Ygyaux14zpEiQ,NA1_5488340418,420,1770697470222,100,False
0l30sHzleDPhDKcF4iJCj_nVzYA2tq3JhLT18fQQTxR5LcGIwuSp3AH6KFpDiicAXzwVUPPl4OuEnw,tJy3DnuxpQ8qKDN2Q_YpfN6aJg9GCrVrIBPpFTlfIQEZcNT1qw_8KhIdrruGa9VE5Ygyaux14zpEiQ,tJy3DnuxpQ8qKDN2Q_YpfN6aJg9GCrVrIBPpFTlfIQEZcNT1qw_8KhIdrruGa9VE5Ygyaux14zpEiQ,NA1_5488531371,420,1770713045849,100,True
QatGVJFaZpwNa2EYX-x3eKTWgD3SXxIzgnP5AUBoEQrYWR5rKwXAmzRkvaDqsKejSUYivMdWMaHM2A,tJy3DnuxpQ8qKDN2Q_YpfN6aJg9GCrVrIBPpFTlfIQEZcNT1qw_8KhIdrruGa9VE5Ygyaux14zpEiQ,tJy3DnuxpQ8qKDN2Q_YpfN6aJg9GCrVrIBPpFTlfIQEZcNT1qw_8KhIdrruGa9VE5Ygyaux14zpEiQ,NA1_5488572794,420,1770723266888,100,False
_MCGiLFSwSY_b9-r_p23S7Eq1LBoqluXecVhzPAmHmc4Z3tfHoVJ2depKEtD-PSVk7LNhNQ0xMe_BA,tJy3DnuxpQ8qKDN2Q_YpfN6aJg9GCrVrIBPpFTlfIQEZcNT1qw_8KhIdrruGa9VE5Ygyaux14zpEiQ,tJy3DnuxpQ8qKDN2Q_YpfN6aJg9GCrVrIBPpFTlfIQEZcNT1qw_8KhIdrruGa9VE5Ygyaux14zpEiQ,NA1_5488531371,420,1770713045849,100,True
tJy3DnuxpQ8qKDN2Q_YpfN6aJg9GCrVrIBPpFTlfIQEZcNT1qw_8KhIdrruGa9VE5Ygyaux14zpEiQ,vmBsx9j5QO4wsO6P7UOWF5MEIn7QWHx7ES7RwbBFHclzIDxqRqJYxqz0uam9nhe7jN-52XmSbHXzIw,tJy3DnuxpQ8qKDN2Q_YpfN6aJg9GCrVrIBPpFTlfIQEZcNT1qw_8KhIdrruGa9VE5Ygyaux14zpEiQ,NA1_5488518843,420,1770710707512,100,True
mJZeCqCnZMhQaEE2hJna_4cXwLxLrphGisCnYlRtmRPPTa9iV3_pxqjsF35It3CTIFG7HMigLa4DDg,tJy3DnuxpQ8qKDN2Q_YpfN6aJg9GCrVrIBPpFTlfIQEZcNT1qw_8KhIdrruGa9VE5Ygyaux14zpEiQ,tJy3DnuxpQ8qKDN2Q_YpfN6aJg9GCrVrIBPpFTlfIQEZcNT1qw_8KhIdrruGa9VE5Ygyaux14zpEiQ,NA1_5488462308,420,1770705220149,100,True
88zFlEeyQaphs628-Kn76scblKT4qmkPKNKCMS1jdCWzhc-MgNbtyOfN4NqJsdMwyW3vGOszXc1_Qg,tJy3DnuxpQ8qKDN2Q_YpfN6aJg9GCrVrIBPpFTlfIQEZcNT1qw_8KhIdrruGa9VE5Ygyaux14zpEiQ,tJy3DnuxpQ8qKDN2Q_YpfN6aJg9GCrVrIBPpFTlfIQEZcNT1qw_8KhIdrruGa9VE5Ygyaux14zpEiQ,NA1_5488563469,420,1770720770138,100,False
9a6z7xGV_Ie2ukxB8PuS9nOr4-YcL__dZSO62oIsdWYXUkmRx_70MKsWVovV4qoLFUnMdp6sC5cz3w,tJy3DnuxpQ8qKDN2Q_YpfN6aJg9GCrVrIBPpFTlfIQEZcNT1qw_8KhIdrruGa9VE5Ygyaux14zpEiQ,tJy3DnuxpQ8qKDN2Q_YpfN6aJg9GCrVrIBPpFTlfIQEZcNT1qw_8KhIdrruGa9VE5Ygyaux14zpEiQ,NA1_5490232223,420,1770924488599,100,False
Tu_4I421x_70DCJYgwA1gLNw9QrWK6f-K1ulrtHJb4Xc3Ngq6C9Vks3ILe9-vKTMp9yCXJXeOK0biA,tJy3DnuxpQ8qKDN2Q_YpfN6aJg9GCrVrIBPpFTlfIQEZcNT1qw_8KhIdrruGa9VE5Ygyaux14zpEiQ,tJy3DnuxpQ8qKDN2Q_YpfN6aJg9GCrVrIBPpFTlfIQEZcNT1qw_8KhIdrruGa9VE5Ygyaux14zpEiQ,NA1_5488431752,420,1770702801981,200,True
gHV3OaIXS3_TU5mTU4NWL60mhObz41xmYB7Bn3CJyLhWFlKiovsEtQw9hcXef8HqTMvWqrWXYgHtYw,tJy3DnuxpQ8qKDN2Q_YpfN6aJg9GCrVrIBPpFTlfIQEZcNT1qw_8KhIdrruGa9VE5Ygyaux14zpEiQ,tJy3DnuxpQ8qKDN2Q_YpfN6aJg9GCrVrIBPpFTlfIQEZcNT1qw_8KhIdrruGa9VE5Ygyaux14zpEiQ,NA1_5488563469,420,1770720770138,100,False
4FrRT_CYqQ-fwrH80iEUDiKqeu8-dQscXw1rcp6BQVC7tc0F08YZTrRWsAHfnRC65RiTev7Vg-NWAw,tJy3DnuxpQ8qKDN2Q_YpfN6aJg9GCrVrIBPpFTlfIQEZcNT1qw_8KhIdrruGa9VE5Ygyaux14zpEiQ,tJy3DnuxpQ8qKDN2Q_YpfN6aJg9GCrVrIBPpFTlfIQEZcNT1qw_8KhIdrruGa9VE5Ygyaux14zpEiQ,NA1_5490204265,420,1770920375128,100,False
