src_puuid,dst_puuid,matchId,queueId,gameStartTimestamp,teamId,src_win,gameStartUTC
FozVIdtJ8Z1SMJeqO0Z65dLIkcN1S3OuFvJosFOOCF2a_CKDsn57OfALj43qe_xK1Trk1L3kTf46lQ,6jrMt54m1MFXLPKNEZcYpoS5Ou2ELOdhsHP4ZhpRUzYobf5cTgn3oeaaCCrj3xzYHXhqmkwoFVB2gQ,NA1_5487468302,420,1770607733383,100,True,2026-02-09 03:28:53.383000+00:00
FozVIdtJ8Z1SMJeqO0Z65dLIkcN1S3OuFvJosFOOCF2a_CKDsn57OfALj43qe_xK1Trk1L3kTf46lQ,dWZ_2cAChXMXbnpVFfaNpxoRGcPJXbQJlZoS0uMHN0Vz9bso2n0R-BGnB2SrkN9QhOLFHmvysukoHg,NA1_5487468302,420,1770607733383,100,True,2026-02-09 03:28:53.383000+00:00
FozVIdtJ8Z1SMJeqO0Z65dLIkcN1S3OuFvJosFOOCF2a_CKDsn57OfALj43qe_xK1Trk1L3kTf46lQ,n1JxqLYFmWCVTwlIxJ5Kfnum3FlBRT-zrrbhrk6p6ulhBUHtjd4P2FAs5RHVG9jmA8s4mTNrCI5JWg,NA1_5487468302,420,1770607733383,100,True,2026-02-09 03:28:53.383000+00:00
FozVIdtJ8Z1SMJeqO0Z65dLIkcN1S3OuFvJosFOOCF2a_CKDsn57OfALj43qe_xK1Trk1L3kTf46lQ,yZSYr5w2esBhQOcEgvQs1-9izeK0NL3zbY2XhKRdPy_P5dGfOQ9OFohmAweSuDWeDrBUgIWSD7LC2g,NA1_5487468302,420,1770607733383,100,True,2026-02-09 03:28:53.383000+00:00
6jrMt54m1MFXLPKNEZcYpoS5Ou2ELOdhsHP4ZhpRUzYobf5cTgn3oeaaCCrj3xzYHXhqmkwoFVB2gQ,FozVIdtJ8Z1SMJeqO0Z65dLIkcN1S3OuFvJosFOOCF2a_CKDsn57OfALj43qe_xK1Trk1L3kTf46lQ,NA1_5487468302,420,1770607733383,100,True,2026-02-09 03:28:53.383000+00:00
6jrMt54m1MFXLPKNEZcYpoS5Ou2ELOdhsHP4ZhpRUzYobf5cTgn3oeaaCCrj3xzYHXhqmkwoFVB2gQ,dWZ_2cAChXMXbnpVFfaNpxoRGcPJXbQJlZoS0uMHN0Vz9bso2n0R-BGnB2SrkN9QhOLFHmvysukoHg,NA1_5487468302,420,1770607733383,100,True,2026-02-09 03:28:53.383000+00:00
6jrMt54m1MFXLPKNEZcYpoS5Ou2ELOdhsHP4ZhpRUzYobf5cTgn3oeaaCCrj3xzYHXhqmkwoFVB2gQ,n1JxqLYFmWCVTwlIxJ5Kfnum3FlBRT-zrrbhrk6p6ulhBUHtjd4P2FAs5RHVG9jmA8s4mTNrCI5JWg,NA1_5487468302,420,1770607733383,100,True,2026-02-09 03:28:53.383000+00:00
6jrMt54m1MFXLPKNEZcYpoS5Ou2ELOdhsHP4ZhpRUzYobf5cTgn3oeaaCCrj3xzYHXhqmkwoFVB2gQ,yZSYr5w2esBhQOcEgvQs1-9izeK0NL3zbY2XhKRdPy_P5dGfOQ9OFohmAweSuDWeDrBUgIWSD7LC2g,NA1_5487468302,420,1770607733383,100,True,2026-02-09 03:28:53.383000+00:00
dWZ_2cAChXMXbnpVFfaNpxoRGcPJXbQJlZoS0uMHN0Vz9bso2n0R-BGnB2SrkN9QhOLFHmvysukoHg,FozVIdtJ8Z1SMJeqO0Z65dLIkcN1S3OuFvJosFOOCF2a_CKDsn57OfALj43qe_xK1Trk1L3kTf46lQ,NA1_5487468302,420,1770607733383,100,True,2026-02-09 03:28:53.383000+00:00
dWZ_2cAChXMXbnpVFfaNpxoRGcPJXbQJlZoS0uMHN0Vz9bso2n0R-BGnB2SrkN9QhOLFHmvysukoHg,6jrMt54m1MFXLPKNEZcYpoS5Ou2ELOdhsHP4ZhpRUzYobf5cTgn3oeaaCCrj3xzYHXhqmkwoFVB2gQ,NA1_5487468302,420,1770607733383,100,True,2026-02-09 03:28:53.383000+00:00
dWZ_2cAChXMXbnpVFfaNpxoRGcPJXbQJlZoS0uMHN0Vz9bso2n0R-BGnB2SrkN9QhOLFHmvysukoHg,n1JxqLYFmWCVTwlIxJ5Kfnum3FlBRT-zrrbhrk6p6ulhBUHtjd4P2FAs5RHVG9jmA8s4mTNrCI5JWg,NA1_5487468302,420,1770607733383,100,True,2026-02-09 03:28:53.383000+00:00
dWZ_2cAChXMXbnpVFfaNpxoRGcPJXbQJlZoS0uMHN0Vz9bso2n0R-BGnB2SrkN9QhOLFHmvysukoHg,yZSYr5w2esBhQOcEgvQs1-9izeK0NL3zbY2XhKRdPy_P5dGfOQ9OFohmAweSuDWeDrBUgIWSD7LC2g,NA1_5487468302,420,1770607733383,100,True,2026-02-09 03:28:53.383000+00:00
n1JxqLYFmWCVTwlIxJ5Kfnum3FlBRT-zrrbhrk6p6ulhBUHtjd4P2FAs5RHVG9jmA8s4mTNrCI5JWg,FozVIdtJ8Z1SMJeqO0Z65dLIkcN1S3OuFvJosFOOCF2a_CKDsn57OfALj43qe_xK1Trk1L3kTf46lQ,NA1_5487468302,420,1770607733383,100,True,2026-02-09 03:28:53.383000+00:00
n1JxqLYFmWCVTwlIxJ5Kfnum3FlBRT-zrrbhrk6p6ulhBUHtjd4P2FAs5RHVG9jmA8s4mTNrCI5JWg,6jrMt54m1MFXLPKNEZcYpoS5Ou2ELOdhsHP4ZhpRUzYobf5cTgn3oeaaCCrj3xzYHXhqmkwoFVB2gQ,NA1_5487468302,420,1770607733383,100,True,2026-02-09 03:28:53.383000+00:00
n1JxqLYFmWCVTwlIxJ5Kfnum3FlBRT-zrrbhrk6p6ulhBUHtjd4P2FAs5RHVG9jmA8s4mTNrCI5JWg,dWZ_2cAChXMXbnpVFfaNpxoRGcPJXbQJlZoS0uMHN0Vz9bso2n0R-BGnB2SrkN9QhOLFHmvysukoHg,NA1_5487468302,420,1770607733383,100,True,2026-02-09 03:28:53.383000+00:00
n1JxqLYFmWCVTwlIxJ5Kfnum3FlBRT-zrrbhrk6p6ulhBUHtjd4P2FAs5RHVG9jmA8s4mTNrCI5JWg,yZSYr5w2esBhQOcEgvQs1-9izeK0NL3zbY2XhKRdPy_P5dGfOQ9OFohmAweSuDWeDrBUgIWSD7LC2g,NA1_5487468302,420,1770607733383,100,True,2026-02-09 03:28:53.383000+00:00
yZSYr5w2esBhQOcEgvQs1-9izeK0NL3zbY2XhKRdPy_P5dGfOQ9OFohmAweSuDWeDrBUgIWSD7LC2g,FozVIdtJ8Z1SMJeqO0Z65dLIkcN1S3OuFvJosFOOCF2a_CKDsn57OfALj43qe_xK1Trk1L3kTf46lQ,NA1_5487468302,420,1770607733383,100,True,2026-02-09 03:28:53.383000+00:00
yZSYr5w2esBhQOcEgvQs1-9izeK0NL3zbY2XhKRdPy_P5dGfOQ9OFohmAweSuDWeDrBUgIWSD7LC2g,6jrMt54m1MFXLPKNEZcYpoS5Ou2ELOdhsHP4ZhpRUzYobf5cTgn3oeaaCCrj3xzYHXhqmkwoFVB2gQ,NA1_5487468302,420,1770607733383,100,True,2026-02-09 03:28:53.383000+00:00
yZSYr5w2esBhQOcEgvQs1-9izeK0NL3zbY2XhKRdPy_P5dGfOQ9OFohmAweSuDWeDrBUgIWSD7LC2g,dWZ_2cAChXMXbnpVFfaNpxoRGcPJXbQJlZoS0uMHN0Vz9bso2n0R-BGnB2SrkN9QhOLFHmvysukoHg,NA1_5487468302,420,1770607733383,100,True,2026-02-09 03:28:53.383000+00:00
yZSYr5w2esBhQOcEgvQs1-9izeK0NL3zbY2XhKRdPy_P5dGfOQ9OFohmAweSuDWeDrBUgIWSD7LC2g,n1JxqLYFmWCVTwlIxJ5Kfnum3FlBRT-zrrbhrk6p6ulhBUHtjd4P2FAs5RHVG9jmA8s4mTNrCI5JWg,NA1_5487468302,420,1770607733383,100,True,2026-02-09 03:28:53.383000+00:00
ymDKXChOlbdPSqTmlrFuUR6Qs68wwUK9MWnXqWqODFDq00yzTAbASKroqCzsYrqEzKYBf2YOi9Ufww,Hv7y8z7Vf7f4wRdfwik7s5NoLWuxZAw1Q6hCf7TiWnsW3OVP5jTFLIa19h8fRn_1mdkgNtWCfZWCgQ,NA1_5487468302,420,1770607733383,200,False,2026-02-09 03:28:53.383000+00:00
ymDKXChOlbdPSqTmlrFuUR6Qs68wwUK9MWnXqWqODFDq00yzTAbASKroqCzsYrqEzKYBf2YOi9Ufww,3ygP754BUOido5M8FFhWaaUT4g607F4Ct-q5PbHwdV8FbJlLHc9OHbc-QprptdHaHjYGcqUr3IbRNQ,NA1_5487468302,420,1770607733383,200,False,2026-02-09 03:28:53.383000+00:00
ymDKXChOlbdPSqTmlrFuUR6Qs68wwUK9MWnXqWqODFDq00yzTAbASKroqCzsYrqEzKYBf2YOi9Ufww,-Afd_ffzlASg1FKT0JI8OYPgOd1EET9vHujWm0VoFUw75Wj2a_Pc4cSj7tX_Y1bQHlMkZLve_5LXyg,NA1_5487468302,420,1770607733383,200,False,2026-02-09 03:28:53.383000+00:00
ymDKXChOlbdPSqTmlrFuUR6Qs68wwUK9MWnXqWqODFDq00yzTAbASKroqCzsYrqEzKYBf2YOi9Ufww,JIV5cQ_0ZgOpOTTdiwFQ6QOX8tuhT4iAxsfS2SRCw3fNqGLvjRRQfKKdgL7srgApYm1wX5rVNKzJzQ,NA1_5487468302,420,1770607733383,200,False,2026-02-09 03:28:53.383000+00:00
Hv7y8z7Vf7f4wRdfwik7s5NoLWuxZAw1Q6hCf7TiWnsW3OVP5jTFLIa19h8fRn_1mdkgNtWCfZWCgQ,ymDKXChOlbdPSqTmlrFuUR6Qs68wwUK9MWnXqWqODFDq00yzTAbASKroqCzsYrqEzKYBf2YOi9Ufww,NA1_5487468302,420,1770607733383,200,False,2026-02-09 03:28:53.383000+00:00
Hv7y8z7Vf7f4wRdfwik7s5NoLWuxZAw1Q6hCf7TiWnsW3OVP5jTFLIa19h8fRn_1mdkgNtWCfZWCgQ,3ygP754BUOido5M8FFhWaaUT4g607F4Ct-q5PbHwdV8FbJlLHc9OHbc-QprptdHaHjYGcqUr3IbRNQ,NA1_5487468302,420,1770607733383,200,False,2026-02-09 03:28:53.383000+00:00
Hv7y8z7Vf7f4wRdfwik7s5NoLWuxZAw1Q6hCf7TiWnsW3OVP5jTFLIa19h8fRn_1mdkgNtWCfZWCgQ,-Afd_ffzlASg1FKT0JI8OYPgOd1EET9vHujWm0VoFUw75Wj2a_Pc4cSj7tX_Y1bQHlMkZLve_5LXyg,NA1_5487468302,420,1770607733383,200,False,2026-02-09 03:28:53.383000+00:00
Hv7y8z7Vf7f4wRdfwik7s5NoLWuxZAw1Q6hCf7TiWnsW3OVP5jTFLIa19h8fRn_1mdkgNtWCfZWCgQ,JIV5cQ_0ZgOpOTTdiwFQ6QOX8tuhT4iAxsfS2SRCw3fNqGLvjRRQfKKdgL7srgApYm1wX5rVNKzJzQ,NA1_5487468302,420,1770607733383,200,False,2026-02-09 03:28:53.383000+00:00
3ygP754BUOido5M8FFhWaaUT4g607F4Ct-q5PbHwdV8FbJlLHc9OHbc-QprptdHaHjYGcqUr3IbRNQ,ymDKXChOlbdPSqTmlrFuUR6Qs68wwUK9MWnXqWqODFDq00yzTAbASKroqCzsYrqEzKYBf2YOi9Ufww,NA1_5487468302,420,1770607733383,200,False,2026-02-09 03:28:53.383000+00:00
3ygP754BUOido5M8FFhWaaUT4g607F4Ct-q5PbHwdV8FbJlLHc9OHbc-QprptdHaHjYGcqUr3IbRNQ,Hv7y8z7Vf7f4wRdfwik7s5NoLWuxZAw1Q6hCf7TiWnsW3OVP5jTFLIa19h8fRn_1mdkgNtWCfZWCgQ,NA1_5487468302,420,1770607733383,200,False,2026-02-09 03:28:53.383000+00:00
3ygP754BUOido5M8FFhWaaUT4g607F4Ct-q5PbHwdV8FbJlLHc9OHbc-QprptdHaHjYGcqUr3IbRNQ,-Afd_ffzlASg1FKT0JI8OYPgOd1EET9vHujWm0VoFUw75Wj2a_Pc4cSj7tX_Y1bQHlMkZLve_5LXyg,NA1_5487468302,420,1770607733383,200,False,2026-02-09 03:28:53.383000+00:00
3ygP754BUOido5M8FFhWaaUT4g607F4Ct-q5PbHwdV8FbJlLHc9OHbc-QprptdHaHjYGcqUr3IbRNQ,JIV5cQ_0ZgOpOTTdiwFQ6QOX8tuhT4iAxsfS2SRCw3fNqGLvjRRQfKKdgL7srgApYm1wX5rVNKzJzQ,NA1_5487468302,420,1770607733383,200,False,2026-02-09 03:28:53.383000+00:00
-Afd_ffzlASg1FKT0JI8OYPgOd1EET9vHujWm0VoFUw75Wj2a_Pc4cSj7tX_Y1bQHlMkZLve_5LXyg,ymDKXChOlbdPSqTmlrFuUR6Qs68wwUK9MWnXqWqODFDq00yzTAbASKroqCzsYrqEzKYBf2YOi9Ufww,NA1_5487468302,420,1770607733383,200,False,2026-02-09 03:28:53.383000+00:00
-Afd_ffzlASg1FKT0JI8OYPgOd1EET9vHujWm0VoFUw75Wj2a_Pc4cSj7tX_Y1bQHlMkZLve_5LXyg,Hv7y8z7Vf7f4wRdfwik7s5NoLWuxZAw1Q6hCf7TiWnsW3OVP5jTFLIa19h8fRn_1mdkgNtWCfZWCgQ,NA1_5487468302,420,1770607733383,200,False,2026-02-09 03:28:53.383000+00:00
-Afd_ffzlASg1FKT0JI8OYPgOd1EET9vHujWm0VoFUw75Wj2a_Pc4cSj7tX_Y1bQHlMkZLve_5LXyg,3ygP754BUOido5M8FFhWaaUT4g607F4Ct-q5PbHwdV8FbJlLHc9OHbc-QprptdHaHjYGcqUr3IbRNQ,NA1_5487468302,420,1770607733383,200,False,2026-02-09 03:28:53.383000+00:00
-Afd_ffzlASg1FKT0JI8OYPgOd1EET9vHujWm0VoFUw75Wj2a_Pc4cSj7tX_Y1bQHlMkZLve_5LXyg,JIV5cQ_0ZgOpOTTdiwFQ6QOX8tuhT4iAxsfS2SRCw3fNqGLvjRRQfKKdgL7srgApYm1wX5rVNKzJzQ,NA1_5487468302,420,1770607733383,200,False,2026-02-09 03:28:53.383000+00:00
JIV5cQ_0ZgOpOTTdiwFQ6QOX8tuhT4iAxsfS2SRCw3fNqGLvjRRQfKKdgL7srgApYm1wX5rVNKzJzQ,ymDKXChOlbdPSqTmlrFuUR6Qs68wwUK9MWnXqWqODFDq00yzTAbASKroqCzsYrqEzKYBf2YOi9Ufww,NA1_5487468302,420,1770607733383,200,False,2026-02-09 03:28:53.383000+00:00
JIV5cQ_0ZgOpOTTdiwFQ6QOX8tuhT4iAxsfS2SRCw3fNqGLvjRRQfKKdgL7srgApYm1wX5rVNKzJzQ,Hv7y8z7Vf7f4wRdfwik7s5NoLWuxZAw1Q6hCf7TiWnsW3OVP5jTFLIa19h8fRn_1mdkgNtWCfZWCgQ,NA1_5487468302,420,1770607733383,200,False,2026-02-09 03:28:53.383000+00:00
JIV5cQ_0ZgOpOTTdiwFQ6QOX8tuhT4iAxsfS2SRCw3fNqGLvjRRQfKKdgL7srgApYm1wX5rVNKzJzQ,3ygP754BUOido5M8FFhWaaUT4g607F4Ct-q5PbHwdV8FbJlLHc9OHbc-QprptdHaHjYGcqUr3IbRNQ,NA1_5487468302,420,1770607733383,200,False,2026-02-09 03:28:53.383000+00:00
JIV5cQ_0ZgOpOTTdiwFQ6QOX8tuhT4iAxsfS2SRCw3fNqGLvjRRQfKKdgL7srgApYm1wX5rVNKzJzQ,-Afd_ffzlASg1FKT0JI8OYPgOd1EET9vHujWm0VoFUw75Wj2a_Pc4cSj7tX_Y1bQHlMkZLve_5LXyg,NA1_5487468302,420,1770607733383,200,False,2026-02-09 03:28:53.383000+00:00
ecNN0xei5EWbn-9isUjIgsR37lbdsxLKcqM6R16LPNKBKudCqh1SKeChtHBa8k2ZYqvxrpw_2dg21Q,O6tUkM4Qw_PkgcCYop8_hClyzq0-8DO_m45j4TguAwa0S9SzKMl2DGcB0jJkzIgGHHFHhanhQMMF9g,NA1_5487642399,420,1770618086742,100,False,2026-02-09 06:21:26.742000+00:00
ecNN0xei5EWbn-9isUjIgsR37lbdsxLKcqM6R16LPNKBKudCqh1SKeChtHBa8k2ZYqvxrpw_2dg21Q,T89woNIcceG4fIvVSmL57im5IkCfXENzNkd3QydQUZTichCVcbIlB9gsok04K_kCtTnRKcKBzekkjQ,NA1_5487642399,420,1770618086742,100,False,2026-02-09 06:21:26.742000+00:00
ecNN0xei5EWbn-9isUjIgsR37lbdsxLKcqM6R16LPNKBKudCqh1SKeChtHBa8k2ZYqvxrpw_2dg21Q,b09HYKBPjbqD8uJjMfuaBO9tWctcGK-KS8NIH64QlkKNZjMij7_1rdO6-r7OYPthQN_IodiF0v7uXA,NA1_5487642399,420,1770618086742,100,False,2026-02-09 06:21:26.742000+00:00
ecNN0xei5EWbn-9isUjIgsR37lbdsxLKcqM6R16LPNKBKudCqh1SKeChtHBa8k2ZYqvxrpw_2dg21Q,lHWecXIIe80rjHV-60G4DsXGjzRUokiY7KZbMuO0xtKgtKq_ah9xXBXOYpkWCXUen_0cd6bHBaS6zg,NA1_5487642399,420,1770618086742,100,False,2026-02-09 06:21:26.742000+00:00
O6tUkM4Qw_PkgcCYop8_hClyzq0-8DO_m45j4TguAwa0S9SzKMl2DGcB0jJkzIgGHHFHhanhQMMF9g,ecNN0xei5EWbn-9isUjIgsR37lbdsxLKcqM6R16LPNKBKudCqh1SKeChtHBa8k2ZYqvxrpw_2dg21Q,NA1_5487642399,420,1770618086742,100,False,2026-02-09 06:21:26.742000+00:00
O6tUkM4Qw_PkgcCYop8_hClyzq0-8DO_m45j4TguAwa0S9SzKMl2DGcB0jJkzIgGHHFHhanhQMMF9g,T89woNIcceG4fIvVSmL57im5IkCfXENzNkd3QydQUZTichCVcbIlB9gsok04K_kCtTnRKcKBzekkjQ,NA1_5487642399,420,1770618086742,100,False,2026-02-09 06:21:26.742000+00:00
O6tUkM4Qw_PkgcCYop8_hClyzq0-8DO_m45j4TguAwa0S9SzKMl2DGcB0jJkzIgGHHFHhanhQMMF9g,b09HYKBPjbqD8uJjMfuaBO9tWctcGK-KS8NIH64QlkKNZjMij7_1rdO6-r7OYPthQN_IodiF0v7uXA,NA1_5487642399,420,1770618086742,100,False,2026-02-09 06:21:26.742000+00:00
O6tUkM4Qw_PkgcCYop8_hClyzq0-8DO_m45j4TguAwa0S9SzKMl2DGcB0jJkzIgGHHFHhanhQMMF9g,lHWecXIIe80rjHV-60G4DsXGjzRUokiY7KZbMuO0xtKgtKq_ah9xXBXOYpkWCXUen_0cd6bHBaS6zg,NA1_5487642399,420,1770618086742,100,False,2026-02-09 06:21:26.742000+00:00
T89woNIcceG4fIvVSmL57im5IkCfXENzNkd3QydQUZTichCVcbIlB9gsok04K_kCtTnRKcKBzekkjQ,ecNN0xei5EWbn-9isUjIgsR37lbdsxLKcqM6R16LPNKBKudCqh1SKeChtHBa8k2ZYqvxrpw_2dg21Q,NA1_5487642399,420,1770618086742,100,False,2026-02-09 06:21:26.742000+00:00
T89woNIcceG4fIvVSmL57im5IkCfXENzNkd3QydQUZTichCVcbIlB9gsok04K_kCtTnRKcKBzekkjQ,O6tUkM4Qw_PkgcCYop8_hClyzq0-8DO_m45j4TguAwa0S9SzKMl2DGcB0jJkzIgGHHFHhanhQMMF9g,NA1_5487642399,420,1770618086742,100,False,2026-02-09 06:21:26.742000+00:00
T89woNIcceG4fIvVSmL57im5IkCfXENzNkd3QydQUZTichCVcbIlB9gsok04K_kCtTnRKcKBzekkjQ,b09HYKBPjbqD8uJjMfuaBO9tWctcGK-KS8NIH64QlkKNZjMij7_1rdO6-r7OYPthQN_IodiF0v7uXA,NA1_5487642399,420,1770618086742,100,False,2026-02-09 06:21:26.742000+00:00
T89woNIcceG4fIvVSmL57im5IkCfXENzNkd3QydQUZTichCVcbIlB9gsok04K_kCtTnRKcKBzekkjQ,lHWecXIIe80rjHV-60G4DsXGjzRUokiY7KZbMuO0xtKgtKq_ah9xXBXOYpkWCXUen_0cd6bHBaS6zg,NA1_5487642399,420,1770618086742,100,False,2026-02-09 06:21:26.742000+00:00
b09HYKBPjbqD8uJjMfuaBO9tWctcGK-KS8NIH64QlkKNZjMij7_1rdO6-r7OYPthQN_IodiF0v7uXA,ecNN0xei5EWbn-9isUjIgsR37lbdsxLKcqM6R16LPNKBKudCqh1SKeChtHBa8k2ZYqvxrpw_2dg21Q,NA1_5487642399,420,1770618086742,100,False,2026-02-09 06:21:26.742000+00:00
b09HYKBPjbqD8uJjMfuaBO9tWctcGK-KS8NIH64QlkKNZjMij7_1rdO6-r7OYPthQN_IodiF0v7uXA,O6tUkM4Qw_PkgcCYop8_hClyzq0-8DO_m45j4TguAwa0S9SzKMl2DGcB0jJkzIgGHHFHhanhQMMF9g,NA1_5487642399,420,1770618086742,100,False,2026-02-09 06:21:26.742000+00:00
b09HYKBPjbqD8uJjMfuaBO9tWctcGK-KS8NIH64QlkKNZjMij7_1rdO6-r7OYPthQN_IodiF0v7uXA,T89woNIcceG4fIvVSmL57im5IkCfXENzNkd3QydQUZTichCVcbIlB9gsok04K_kCtTnRKcKBzekkjQ,NA1_5487642399,420,1770618086742,100,False,2026-02-09 06:21:26.742000+00:00
b09HYKBPjbqD8uJjMfuaBO9tWctcGK-KS8NIH64QlkKNZjMij7_1rdO6-r7OYPthQN_IodiF0v7uXA,lHWecXIIe80rjHV-60G4DsXGjzRUokiY7KZbMuO0xtKgtKq_ah9xXBXOYpkWCXUen_0cd6bHBaS6zg,NA1_5487642399,420,1770618086742,100,False,2026-02-09 06:21:26.742000+00:00
lHWecXIIe80rjHV-60G4DsXGjzRUokiY7KZbMuO0xtKgtKq_ah9xXBXOYpkWCXUen_0cd6bHBaS6zg,ecNN0xei5EWbn-9isUjIgsR37lbdsxLKcqM6R16LPNKBKudCqh1SKeChtHBa8k2ZYqvxrpw_2dg21Q,NA1_5487642399,420,1770618086742,100,False,2026-02-09 06:21:26.742000+00:00
lHWecXIIe80rjHV-60G4DsXGjzRUokiY7KZbMuO0xtKgtKq_ah9xXBXOYpkWCXUen_0cd6bHBaS6zg,O6tUkM4Qw_PkgcCYop8_hClyzq0-8DO_m45j4TguAwa0S9SzKMl2DGcB0jJkzIgGHHFHhanhQMMF9g,NA1_5487642399,420,1770618086742,100,False,2026-02-09 06:21:26.742000+00:00
lHWecXIIe80rjHV-60G4DsXGjzRUokiY7KZbMuO0xtKgtKq_ah9xXBXOYpkWCXUen_0cd6bHBaS6zg,T89woNIcceG4fIvVSmL57im5IkCfXENzNkd3QydQUZTichCVcbIlB9gsok04K_kCtTnRKcKBzekkjQ,NA1_5487642399,420,1770618086742,100,False,2026-02-09 06:21:26.742000+00:00
lHWecXIIe80rjHV-60G4DsXGjzRUokiY7KZbMuO0xtKgtKq_ah9xXBXOYpkWCXUen_0cd6bHBaS6zg,b09HYKBPjbqD8uJjMfuaBO9tWctcGK-KS8NIH64QlkKNZjMij7_1rdO6-r7OYPthQN_IodiF0v7uXA,NA1_5487642399,420,1770618086742,100,False,2026-02-09 06:21:26.742000+00:00
ymDKXChOlbdPSqTmlrFuUR6Qs68wwUK9MWnXqWqODFDq00yzTAbASKroqCzsYrqEzKYBf2YOi9Ufww,-FeD1_UU15qPj3ilFnmK7Gl4sfXP6AAveyMHBW0n5BZ0e_O9Y68opc00TeX-bqPy43cOqRdkF4clow,NA1_5487642399,420,1770618086742,200,True,2026-02-09 06:21:26.742000+00:00
ymDKXChOlbdPSqTmlrFuUR6Qs68wwUK9MWnXqWqODFDq00yzTAbASKroqCzsYrqEzKYBf2YOi9Ufww,Z1Oo8w-m3C5vWlXZtToX6mzl0ShHZCJkbyPnlnsqTPG4y5ZXvNuGSw0QoFNyqtGe_I5HSvrtcxA35Q,NA1_5487642399,420,1770618086742,200,True,2026-02-09 06:21:26.742000+00:00
ymDKXChOlbdPSqTmlrFuUR6Qs68wwUK9MWnXqWqODFDq00yzTAbASKroqCzsYrqEzKYBf2YOi9Ufww,z6cTvhzDtz2V6-VNxHxLgYvvEN4OBWK_ZqtKecOQY1V9RoMYeGz8sfcvkAwMdNY_0fnZh7c_n8v2vA,NA1_5487642399,420,1770618086742,200,True,2026-02-09 06:21:26.742000+00:00
ymDKXChOlbdPSqTmlrFuUR6Qs68wwUK9MWnXqWqODFDq00yzTAbASKroqCzsYrqEzKYBf2YOi9Ufww,IEhFvBm4MMNmXSXs1Mzm_PQJ0mY4cddmobmmG1M1FMODeebCWAHHJ_acTN0kmDwKBva7lu6zfdTtJw,NA1_5487642399,420,1770618086742,200,True,2026-02-09 06:21:26.742000+00:00
-FeD1_UU15qPj3ilFnmK7Gl4sfXP6AAveyMHBW0n5BZ0e_O9Y68opc00TeX-bqPy43cOqRdkF4clow,ymDKXChOlbdPSqTmlrFuUR6Qs68wwUK9MWnXqWqODFDq00yzTAbASKroqCzsYrqEzKYBf2YOi9Ufww,NA1_5487642399,420,1770618086742,200,True,2026-02-09 06:21:26.742000+00:00
-FeD1_UU15qPj3ilFnmK7Gl4sfXP6AAveyMHBW0n5BZ0e_O9Y68opc00TeX-bqPy43cOqRdkF4clow,Z1Oo8w-m3C5vWlXZtToX6mzl0ShHZCJkbyPnlnsqTPG4y5ZXvNuGSw0QoFNyqtGe_I5HSvrtcxA35Q,NA1_5487642399,420,1770618086742,200,True,2026-02-09 06:21:26.742000+00:00
-FeD1_UU15qPj3ilFnmK7Gl4sfXP6AAveyMHBW0n5BZ0e_O9Y68opc00TeX-bqPy43cOqRdkF4clow,z6cTvhzDtz2V6-VNxHxLgYvvEN4OBWK_ZqtKecOQY1V9RoMYeGz8sfcvkAwMdNY_0fnZh7c_n8v2vA,NA1_5487642399,420,1770618086742,200,True,2026-02-09 06:21:26.742000+00:00
-FeD1_UU15qPj3ilFnmK7Gl4sfXP6AAveyMHBW0n5BZ0e_O9Y68opc00TeX-bqPy43cOqRdkF4clow,IEhFvBm4MMNmXSXs1Mzm_PQJ0mY4cddmobmmG1M1FMODeebCWAHHJ_acTN0kmDwKBva7lu6zfdTtJw,NA1_5487642399,420,1770618086742,200,True,2026-02-09 06:21:26.742000+00:00
Z1Oo8w-m3C5vWlXZtToX6mzl0ShHZCJkbyPnlnsqTPG4y5ZXvNuGSw0QoFNyqtGe_I5HSvrtcxA35Q,ymDKXChOlbdPSqTmlrFuUR6Qs68wwUK9MWnXqWqODFDq00yzTAbASKroqCzsYrqEzKYBf2YOi9Ufww,NA1_5487642399,420,1770618086742,200,True,2026-02-09 06:21:26.742000+00:00
Z1Oo8w-m3C5vWlXZtToX6mzl0ShHZCJkbyPnlnsqTPG4y5ZXvNuGSw0QoFNyqtGe_I5HSvrtcxA35Q,-FeD1_UU15qPj3ilFnmK7Gl4sfXP6AAveyMHBW0n5BZ0e_O9Y68opc00TeX-bqPy43cOqRdkF4clow,NA1_5487642399,420,1770618086742,200,True,2026-02-09 06:21:26.742000+00:00
Z1Oo8w-m3C5vWlXZtToX6mzl0ShHZCJkbyPnlnsqTPG4y5ZXvNuGSw0QoFNyqtGe_I5HSvrtcxA35Q,z6cTvhzDtz2V6-VNxHxLgYvvEN4OBWK_ZqtKecOQY1V9RoMYeGz8sfcvkAwMdNY_0fnZh7c_n8v2vA,NA1_5487642399,420,1770618086742,200,True,2026-02-09 06:21:26.742000+00:00
Z1Oo8w-m3C5vWlXZtToX6mzl0ShHZCJkbyPnlnsqTPG4y5ZXvNuGSw0QoFNyqtGe_I5HSvrtcxA35Q,IEhFvBm4MMNmXSXs1Mzm_PQJ0mY4cddmobmmG1M1FMODeebCWAHHJ_acTN0kmDwKBva7lu6zfdTtJw,NA1_5487642399,420,1770618086742,200,True,2026-02-09 06:21:26.742000+00:00
z6cTvhzDtz2V6-VNxHxLgYvvEN4OBWK_ZqtKecOQY1V9RoMYeGz8sfcvkAwMdNY_0fnZh7c_n8v2vA,ymDKXChOlbdPSqTmlrFuUR6Qs68wwUK9MWnXqWqODFDq00yzTAbASKroqCzsYrqEzKYBf2YOi9Ufww,NA1_5487642399,420,1770618086742,200,True,2026-02-09 06:21:26.742000+00:00
z6cTvhzDtz2V6-VNxHxLgYvvEN4OBWK_ZqtKecOQY1V9RoMYeGz8sfcvkAwMdNY_0fnZh7c_n8v2vA,-FeD1_UU15qPj3ilFnmK7Gl4sfXP6AAveyMHBW0n5BZ0e_O9Y68opc00TeX-bqPy43cOqRdkF4clow,NA1_5487642399,420,1770618086742,200,True,2026-02-09 06:21:26.742000+00:00
z6cTvhzDtz2V6-VNxHxLgYvvEN4OBWK_ZqtKecOQY1V9RoMYeGz8sfcvkAwMdNY_0fnZh7c_n8v2vA,Z1Oo8w-m3C5vWlXZtToX6mzl0ShHZCJkbyPnlnsqTPG4y5ZXvNuGSw0QoFNyqtGe_I5HSvrtcxA35Q,NA1_5487642399,420,1770618086742,200,True,2026-02-09 06:21:26.742000+00:00
z6cTvhzDtz2V6-VNxHxLgYvvEN4OBWK_ZqtKecOQY1V9RoMYeGz8sfcvkAwMdNY_0fnZh7c_n8v2vA,IEhFvBm4MMNmXSXs1Mzm_PQJ0mY4cddmobmmG1M1FMODeebCWAHHJ_acTN0kmDwKBva7lu6zfdTtJw,NA1_5487642399,420,1770618086742,200,True,2026-02-09 06:21:26.742000+00:00
IEhFvBm4MMNmXSXs1Mzm_PQJ0mY4cddmobmmG1M1FMODeebCWAHHJ_acTN0kmDwKBva7lu6zfdTtJw,ymDKXChOlbdPSqTmlrFuUR6Qs68wwUK9MWnXqWqODFDq00yzTAbASKroqCzsYrqEzKYBf2YOi9Ufww,NA1_5487642399,420,1770618086742,200,True,2026-02-09 06:21:26.742000+00:00
IEhFvBm4MMNmXSXs1Mzm_PQJ0mY4cddmobmmG1M1FMODeebCWAHHJ_acTN0kmDwKBva7lu6zfdTtJw,-FeD1_UU15qPj3ilFnmK7Gl4sfXP6AAveyMHBW0n5BZ0e_O9Y68opc00TeX-bqPy43cOqRdkF4clow,NA1_5487642399,420,1770618086742,200,True,2026-02-09 06:21:26.742000+00:00
IEhFvBm4MMNmXSXs1Mzm_PQJ0mY4cddmobmmG1M1FMODeebCWAHHJ_acTN0kmDwKBva7lu6zfdTtJw,Z1Oo8w-m3C5vWlXZtToX6mzl0ShHZCJkbyPnlnsqTPG4y5ZXvNuGSw0QoFNyqtGe_I5HSvrtcxA35Q,NA1_5487642399,420,1770618086742,200,True,2026-02-09 06:21:26.742000+00:00
IEhFvBm4MMNmXSXs1Mzm_PQJ0mY4cddmobmmG1M1FMODeebCWAHHJ_acTN0kmDwKBva7lu6zfdTtJw,z6cTvhzDtz2V6-VNxHxLgYvvEN4OBWK_ZqtKecOQY1V9RoMYeGz8sfcvkAwMdNY_0fnZh7c_n8v2vA,NA1_5487642399,420,1770618086742,200,True,2026-02-09 06:21:26.742000+00:00
aC-XGpI8EF_yrjBr7LE1-6P71x3Q50NLSemAsjt4LKoZr5qSpXfscs9w6HT-RkXhuyhf27QSi9Ll9Q,60bbo95X9ua637OuORhNpy_t7OUZI_OTDLWONsXaj2xopykCoWwdFDYIrw6S-2_t6yCbAyZh7VFXuw,NA1_5487858062,420,1770660538907,100,True,2026-02-09 18:08:58.907000+00:00
aC-XGpI8EF_yrjBr7LE1-6P71x3Q50NLSemAsjt4LKoZr5qSpXfscs9w6HT-RkXhuyhf27QSi9Ll9Q,Uy1KLjwfFVNjRS-9gqq9s48YnKgF1mpHOCCIl_JhyMN5PPp4RgG_Le3ZqvKQY5NzOUWisLtfPxFWwA,NA1_5487858062,420,1770660538907,100,True,2026-02-09 18:08:58.907000+00:00
aC-XGpI8EF_yrjBr7LE1-6P71x3Q50NLSemAsjt4LKoZr5qSpXfscs9w6HT-RkXhuyhf27QSi9Ll9Q,aqijzg3MBNImFnKQ1jlpA0Yd-PCHLZV0jZBOMUZmwxHJoCCPbgupx70Hm-tDUf4lYjR1CrFG-kseuA,NA1_5487858062,420,1770660538907,100,True,2026-02-09 18:08:58.907000+00:00
aC-XGpI8EF_yrjBr7LE1-6P71x3Q50NLSemAsjt4LKoZr5qSpXfscs9w6HT-RkXhuyhf27QSi9Ll9Q,XuohyHqL_keTJHHOsRWhQ2GfTrqMnqrv3wkiCekiof_xyPbdab3p1TwX185xmdUErLxkPO-zppesRg,NA1_5487858062,420,1770660538907,100,True,2026-02-09 18:08:58.907000+00:00
60bbo95X9ua637OuORhNpy_t7OUZI_OTDLWONsXaj2xopykCoWwdFDYIrw6S-2_t6yCbAyZh7VFXuw,aC-XGpI8EF_yrjBr7LE1-6P71x3Q50NLSemAsjt4LKoZr5qSpXfscs9w6HT-RkXhuyhf27QSi9Ll9Q,NA1_5487858062,420,1770660538907,100,True,2026-02-09 18:08:58.907000+00:00
60bbo95X9ua637OuORhNpy_t7OUZI_OTDLWONsXaj2xopykCoWwdFDYIrw6S-2_t6yCbAyZh7VFXuw,Uy1KLjwfFVNjRS-9gqq9s48YnKgF1mpHOCCIl_JhyMN5PPp4RgG_Le3ZqvKQY5NzOUWisLtfPxFWwA,NA1_5487858062,420,1770660538907,100,True,2026-02-09 18:08:58.907000+00:00
60bbo95X9ua637OuORhNpy_t7OUZI_OTDLWONsXaj2xopykCoWwdFDYIrw6S-2_t6yCbAyZh7VFXuw,aqijzg3MBNImFnKQ1jlpA0Yd-PCHLZV0jZBOMUZmwxHJoCCPbgupx70Hm-tDUf4lYjR1CrFG-kseuA,NA1_5487858062,420,1770660538907,100,True,2026-02-09 18:08:58.907000+00:00
60bbo95X9ua637OuORhNpy_t7OUZI_OTDLWONsXaj2xopykCoWwdFDYIrw6S-2_t6yCbAyZh7VFXuw,XuohyHqL_keTJHHOsRWhQ2GfTrqMnqrv3wkiCekiof_xyPbdab3p1TwX185xmdUErLxkPO-zppesRg,NA1_5487858062,420,1770660538907,100,True,2026-02-09 18:08:58.907000+00:00
Uy1KLjwfFVNjRS-9gqq9s48YnKgF1mpHOCCIl_JhyMN5PPp4RgG_Le3ZqvKQY5NzOUWisLtfPxFWwA,aC-XGpI8EF_yrjBr7LE1-6P71x3Q50NLSemAsjt4LKoZr5qSpXfscs9w6HT-RkXhuyhf27QSi9Ll9Q,NA1_5487858062,420,1770660538907,100,True,2026-02-09 18:08:58.907000+00:00
Uy1KLjwfFVNjRS-9gqq9s48YnKgF1mpHOCCIl_JhyMN5PPp4RgG_Le3ZqvKQY5NzOUWisLtfPxFWwA,60bbo95X9ua637OuORhNpy_t7OUZI_OTDLWONsXaj2xopykCoWwdFDYIrw6S-2_t6yCbAyZh7VFXuw,NA1_5487858062,420,1770660538907,100,True,2026-02-09 18:08:58.907000+00:00
Uy1KLjwfFVNjRS-9gqq9s48YnKgF1mpHOCCIl_JhyMN5PPp4RgG_Le3ZqvKQY5NzOUWisLtfPxFWwA,aqijzg3MBNImFnKQ1jlpA0Yd-PCHLZV0jZBOMUZmwxHJoCCPbgupx70Hm-tDUf4lYjR1CrFG-kseuA,NA1_5487858062,420,1770660538907,100,True,2026-02-09 18:08:58.907000+00:00
Uy1KLjwfFVNjRS-9gqq9s48YnKgF1mpHOCCIl_JhyMN5PPp4RgG_Le3ZqvKQY5NzOUWisLtfPxFWwA,XuohyHqL_keTJHHOsRWhQ2GfTrqMnqrv3wkiCekiof_xyPbdab3p1TwX185xmdUErLxkPO-zppesRg,NA1_5487858062,420,1770660538907,100,True,2026-02-09 18:08:58.907000+00:00
aqijzg3MBNImFnKQ1jlpA0Yd-PCHLZV0jZBOMUZmwxHJoCCPbgupx70Hm-tDUf4lYjR1CrFG-kseuA,aC-XGpI8EF_yrjBr7LE1-6P71x3Q50NLSemAsjt4LKoZr5qSpXfscs9w6HT-RkXhuyhf27QSi9Ll9Q,NA1_5487858062,420,1770660538907,100,True,2026-02-09 18:08:58.907000+00:00
aqijzg3MBNImFnKQ1jlpA0Yd-PCHLZV0jZBOMUZmwxHJoCCPbgupx70Hm-tDUf4lYjR1CrFG-kseuA,60bbo95X9ua637OuORhNpy_t7OUZI_OTDLWONsXaj2xopykCoWwdFDYIrw6S-2_t6yCbAyZh7VFXuw,NA1_5487858062,420,1770660538907,100,True,2026-02-09 18:08:58.907000+00:00
aqijzg3MBNImFnKQ1jlpA0Yd-PCHLZV0jZBOMUZmwxHJoCCPbgupx70Hm-tDUf4lYjR1CrFG-kseuA,Uy1KLjwfFVNjRS-9gqq9s48YnKgF1mpHOCCIl_JhyMN5PPp4RgG_Le3ZqvKQY5NzOUWisLtfPxFWwA,NA1_5487858062,420,1770660538907,100,True,2026-02-09 18:08:58.907000+00:00
aqijzg3MBNImFnKQ1jlpA0Yd-PCHLZV0jZBOMUZmwxHJoCCPbgupx70Hm-tDUf4lYjR1CrFG-kseuA,XuohyHqL_keTJHHOsRWhQ2GfTrqMnqrv3wkiCekiof_xyPbdab3p1TwX185xmdUErLxkPO-zppesRg,NA1_5487858062,420,1770660538907,100,True,2026-02-09 18:08:58.907000+00:00
XuohyHqL_keTJHHOsRWhQ2GfTrqMnqrv3wkiCekiof_xyPbdab3p1TwX185xmdUErLxkPO-zppesRg,aC-XGpI8EF_yrjBr7LE1-6P71x3Q50NLSemAsjt4LKoZr5qSpXfscs9w6HT-RkXhuyhf27QSi9Ll9Q,NA1_5487858062,420,1770660538907,100,True,2026-02-09 18:08:58.907000+00:00
XuohyHqL_keTJHHOsRWhQ2GfTrqMnqrv3wkiCekiof_xyPbdab3p1TwX185xmdUErLxkPO-zppesRg,60bbo95X9ua637OuORhNpy_t7OUZI_OTDLWONsXaj2xopykCoWwdFDYIrw6S-2_t6yCbAyZh7VFXuw,NA1_5487858062,420,1770660538907,100,True,2026-02-09 18:08:58.907000+00:00
XuohyHqL_keTJHHOsRWhQ2GfTrqMnqrv3wkiCekiof_xyPbdab3p1TwX185xmdUErLxkPO-zppesRg,Uy1KLjwfFVNjRS-9gqq9s48YnKgF1mpHOCCIl_JhyMN5PPp4RgG_Le3ZqvKQY5NzOUWisLtfPxFWwA,NA1_5487858062,420,1770660538907,100,True,2026-02-09 18:08:58.907000+00:00
XuohyHqL_keTJHHOsRWhQ2GfTrqMnqrv3wkiCekiof_xyPbdab3p1TwX185xmdUErLxkPO-zppesRg,aqijzg3MBNImFnKQ1jlpA0Yd-PCHLZV0jZBOMUZmwxHJoCCPbgupx70Hm-tDUf4lYjR1CrFG-kseuA,NA1_5487858062,420,1770660538907,100,True,2026-02-09 18:08:58.907000+00:00
Yt1L7SVPxL6wioLQI8_ZyCWp0HYol6a2j8-KfkxkO8D3_6aynGIIoqMycKkd5FtixhwhJwfw_4cT0g,Hv7y8z7Vf7f4wRdfwik7s5NoLWuxZAw1Q6hCf7TiWnsW3OVP5jTFLIa19h8fRn_1mdkgNtWCfZWCgQ,NA1_5487858062,420,1770660538907,200,False,2026-02-09 18:08:58.907000+00:00
Yt1L7SVPxL6wioLQI8_ZyCWp0HYol6a2j8-KfkxkO8D3_6aynGIIoqMycKkd5FtixhwhJwfw_4cT0g,M7XdPvmwiZ-hZCcqmTmX7rxD6J_SOVH_WbCIna-iNUEKn4qywfSxjisXwlXHfvDXRVlnwHbknnfPvQ,NA1_5487858062,420,1770660538907,200,False,2026-02-09 18:08:58.907000+00:00
Yt1L7SVPxL6wioLQI8_ZyCWp0HYol6a2j8-KfkxkO8D3_6aynGIIoqMycKkd5FtixhwhJwfw_4cT0g,dcS3D7rrlMthjSfbI8Axrs2JtC24tMzWRloj9gBjCr6rtVAL1vYg4zE3_qmCbV4wLcPhuVnh9uMdtA,NA1_5487858062,420,1770660538907,200,False,2026-02-09 18:08:58.907000+00:00
Yt1L7SVPxL6wioLQI8_ZyCWp0HYol6a2j8-KfkxkO8D3_6aynGIIoqMycKkd5FtixhwhJwfw_4cT0g,5O81abIcIzxg2JeSTe-7UP6AE1qgp7VVT6sSx88vyElueRML0QWmdxr7pM61FyGF4r_X4ikDdi37uQ,NA1_5487858062,420,1770660538907,200,False,2026-02-09 18:08:58.907000+00:00
Hv7y8z7Vf7f4wRdfwik7s5NoLWuxZAw1Q6hCf7TiWnsW3OVP5jTFLIa19h8fRn_1mdkgNtWCfZWCgQ,Yt1L7SVPxL6wioLQI8_ZyCWp0HYol6a2j8-KfkxkO8D3_6aynGIIoqMycKkd5FtixhwhJwfw_4cT0g,NA1_5487858062,420,1770660538907,200,False,2026-02-09 18:08:58.907000+00:00
Hv7y8z7Vf7f4wRdfwik7s5NoLWuxZAw1Q6hCf7TiWnsW3OVP5jTFLIa19h8fRn_1mdkgNtWCfZWCgQ,M7XdPvmwiZ-hZCcqmTmX7rxD6J_SOVH_WbCIna-iNUEKn4qywfSxjisXwlXHfvDXRVlnwHbknnfPvQ,NA1_5487858062,420,1770660538907,200,False,2026-02-09 18:08:58.907000+00:00
Hv7y8z7Vf7f4wRdfwik7s5NoLWuxZAw1Q6hCf7TiWnsW3OVP5jTFLIa19h8fRn_1mdkgNtWCfZWCgQ,dcS3D7rrlMthjSfbI8Axrs2JtC24tMzWRloj9gBjCr6rtVAL1vYg4zE3_qmCbV4wLcPhuVnh9uMdtA,NA1_5487858062,420,1770660538907,200,False,2026-02-09 18:08:58.907000+00:00
Hv7y8z7Vf7f4wRdfwik7s5NoLWuxZAw1Q6hCf7TiWnsW3OVP5jTFLIa19h8fRn_1mdkgNtWCfZWCgQ,5O81abIcIzxg2JeSTe-7UP6AE1qgp7VVT6sSx88vyElueRML0QWmdxr7pM61FyGF4r_X4ikDdi37uQ,NA1_5487858062,420,1770660538907,200,False,2026-02-09 18:08:58.907000+00:00
M7XdPvmwiZ-hZCcqmTmX7rxD6J_SOVH_WbCIna-iNUEKn4qywfSxjisXwlXHfvDXRVlnwHbknnfPvQ,Yt1L7SVPxL6wioLQI8_ZyCWp0HYol6a2j8-KfkxkO8D3_6aynGIIoqMycKkd5FtixhwhJwfw_4cT0g,NA1_5487858062,420,1770660538907,200,False,2026-02-09 18:08:58.907000+00:00
M7XdPvmwiZ-hZCcqmTmX7rxD6J_SOVH_WbCIna-iNUEKn4qywfSxjisXwlXHfvDXRVlnwHbknnfPvQ,Hv7y8z7Vf7f4wRdfwik7s5NoLWuxZAw1Q6hCf7TiWnsW3OVP5jTFLIa19h8fRn_1mdkgNtWCfZWCgQ,NA1_5487858062,420,1770660538907,200,False,2026-02-09 18:08:58.907000+00:00
M7XdPvmwiZ-hZCcqmTmX7rxD6J_SOVH_WbCIna-iNUEKn4qywfSxjisXwlXHfvDXRVlnwHbknnfPvQ,dcS3D7rrlMthjSfbI8Axrs2JtC24tMzWRloj9gBjCr6rtVAL1vYg4zE3_qmCbV4wLcPhuVnh9uMdtA,NA1_5487858062,420,1770660538907,200,False,2026-02-09 18:08:58.907000+00:00
M7XdPvmwiZ-hZCcqmTmX7rxD6J_SOVH_WbCIna-iNUEKn4qywfSxjisXwlXHfvDXRVlnwHbknnfPvQ,5O81abIcIzxg2JeSTe-7UP6AE1qgp7VVT6sSx88vyElueRML0QWmdxr7pM61FyGF4r_X4ikDdi37uQ,NA1_5487858062,420,1770660538907,200,False,2026-02-09 18:08:58.907000+00:00
dcS3D7rrlMthjSfbI8Axrs2JtC24tMzWRloj9gBjCr6rtVAL1vYg4zE3_qmCbV4wLcPhuVnh9uMdtA,Yt1L7SVPxL6wioLQI8_ZyCWp0HYol6a2j8-KfkxkO8D3_6aynGIIoqMycKkd5FtixhwhJwfw_4cT0g,NA1_5487858062,420,1770660538907,200,False,2026-02-09 18:08:58.907000+00:00
dcS3D7rrlMthjSfbI8Axrs2JtC24tMzWRloj9gBjCr6rtVAL1vYg4zE3_qmCbV4wLcPhuVnh9uMdtA,Hv7y8z7Vf7f4wRdfwik7s5NoLWuxZAw1Q6hCf7TiWnsW3OVP5jTFLIa19h8fRn_1mdkgNtWCfZWCgQ,NA1_5487858062,420,1770660538907,200,False,2026-02-09 18:08:58.907000+00:00
dcS3D7rrlMthjSfbI8Axrs2JtC24tMzWRloj9gBjCr6rtVAL1vYg4zE3_qmCbV4wLcPhuVnh9uMdtA,M7XdPvmwiZ-hZCcqmTmX7rxD6J_SOVH_WbCIna-iNUEKn4qywfSxjisXwlXHfvDXRVlnwHbknnfPvQ,NA1_5487858062,420,1770660538907,200,False,2026-02-09 18:08:58.907000+00:00
dcS3D7rrlMthjSfbI8Axrs2JtC24tMzWRloj9gBjCr6rtVAL1vYg4zE3_qmCbV4wLcPhuVnh9uMdtA,5O81abIcIzxg2JeSTe-7UP6AE1qgp7VVT6sSx88vyElueRML0QWmdxr7pM61FyGF4r_X4ikDdi37uQ,NA1_5487858062,420,1770660538907,200,False,2026-02-09 18:08:58.907000+00:00
5O81abIcIzxg2JeSTe-7UP6AE1qgp7VVT6sSx88vyElueRML0QWmdxr7pM61FyGF4r_X4ikDdi37uQ,Yt1L7SVPxL6wioLQI8_ZyCWp0HYol6a2j8-KfkxkO8D3_6aynGIIoqMycKkd5FtixhwhJwfw_4cT0g,NA1_5487858062,420,1770660538907,200,False,2026-02-09 18:08:58.907000+00:00
5O81abIcIzxg2JeSTe-7UP6AE1qgp7VVT6sSx88vyElueRML0QWmdxr7pM61FyGF4r_X4ikDdi37uQ,Hv7y8z7Vf7f4wRdfwik7s5NoLWuxZAw1Q6hCf7TiWnsW3OVP5jTFLIa19h8fRn_1mdkgNtWCfZWCgQ,NA1_5487858062,420,1770660538907,200,False,2026-02-09 18:08:58.907000+00:00
5O81abIcIzxg2JeSTe-7UP6AE1qgp7VVT6sSx88vyElueRML0QWmdxr7pM61FyGF4r_X4ikDdi37uQ,M7XdPvmwiZ-hZCcqmTmX7rxD6J_SOVH_WbCIna-iNUEKn4qywfSxjisXwlXHfvDXRVlnwHbknnfPvQ,NA1_5487858062,420,1770660538907,200,False,2026-02-09 18:08:58.907000+00:00
5O81abIcIzxg2JeSTe-7UP6AE1qgp7VVT6sSx88vyElueRML0QWmdxr7pM61FyGF4r_X4ikDdi37uQ,dcS3D7rrlMthjSfbI8Axrs2JtC24tMzWRloj9gBjCr6rtVAL1vYg4zE3_qmCbV4wLcPhuVnh9uMdtA,NA1_5487858062,420,1770660538907,200,False,2026-02-09 18:08:58.907000+00:00
FozVIdtJ8Z1SMJeqO0Z65dLIkcN1S3OuFvJosFOOCF2a_CKDsn57OfALj43qe_xK1Trk1L3kTf46lQ,6jrMt54m1MFXLPKNEZcYpoS5Ou2ELOdhsHP4ZhpRUzYobf5cTgn3oeaaCCrj3xzYHXhqmkwoFVB2gQ,NA1_5487468302,420,1770607733383,100,True,2026-02-09 03:28:53.383000+00:00
FozVIdtJ8Z1SMJeqO0Z65dLIkcN1S3OuFvJosFOOCF2a_CKDsn57OfALj43qe_xK1Trk1L3kTf46lQ,dWZ_2cAChXMXbnpVFfaNpxoRGcPJXbQJlZoS0uMHN0Vz9bso2n0R-BGnB2SrkN9QhOLFHmvysukoHg,NA1_5487468302,420,1770607733383,100,True,2026-02-09 03:28:53.383000+00:00
FozVIdtJ8Z1SMJeqO0Z65dLIkcN1S3OuFvJosFOOCF2a_CKDsn57OfALj43qe_xK1Trk1L3kTf46lQ,n1JxqLYFmWCVTwlIxJ5Kfnum3FlBRT-zrrbhrk6p6ulhBUHtjd4P2FAs5RHVG9jmA8s4mTNrCI5JWg,NA1_5487468302,420,1770607733383,100,True,2026-02-09 03:28:53.383000+00:00
FozVIdtJ8Z1SMJeqO0Z65dLIkcN1S3OuFvJosFOOCF2a_CKDsn57OfALj43qe_xK1Trk1L3kTf46lQ,yZSYr5w2esBhQOcEgvQs1-9izeK0NL3zbY2XhKRdPy_P5dGfOQ9OFohmAweSuDWeDrBUgIWSD7LC2g,NA1_5487468302,420,1770607733383,100,True,2026-02-09 03:28:53.383000+00:00
6jrMt54m1MFXLPKNEZcYpoS5Ou2ELOdhsHP4ZhpRUzYobf5cTgn3oeaaCCrj3xzYHXhqmkwoFVB2gQ,FozVIdtJ8Z1SMJeqO0Z65dLIkcN1S3OuFvJosFOOCF2a_CKDsn57OfALj43qe_xK1Trk1L3kTf46lQ,NA1_5487468302,420,1770607733383,100,True,2026-02-09 03:28:53.383000+00:00
6jrMt54m1MFXLPKNEZcYpoS5Ou2ELOdhsHP4ZhpRUzYobf5cTgn3oeaaCCrj3xzYHXhqmkwoFVB2gQ,dWZ_2cAChXMXbnpVFfaNpxoRGcPJXbQJlZoS0uMHN0Vz9bso2n0R-BGnB2SrkN9QhOLFHmvysukoHg,NA1_5487468302,420,1770607733383,100,True,2026-02-09 03:28:53.383000+00:00
6jrMt54m1MFXLPKNEZcYpoS5Ou2ELOdhsHP4ZhpRUzYobf5cTgn3oeaaCCrj3xzYHXhqmkwoFVB2gQ,n1JxqLYFmWCVTwlIxJ5Kfnum3FlBRT-zrrbhrk6p6ulhBUHtjd4P2FAs5RHVG9jmA8s4mTNrCI5JWg,NA1_5487468302,420,1770607733383,100,True,2026-02-09 03:28:53.383000+00:00
6jrMt54m1MFXLPKNEZcYpoS5Ou2ELOdhsHP4ZhpRUzYobf5cTgn3oeaaCCrj3xzYHXhqmkwoFVB2gQ,yZSYr5w2esBhQOcEgvQs1-9izeK0NL3zbY2XhKRdPy_P5dGfOQ9OFohmAweSuDWeDrBUgIWSD7LC2g,NA1_5487468302,420,1770607733383,100,True,2026-02-09 03:28:53.383000+00:00
dWZ_2cAChXMXbnpVFfaNpxoRGcPJXbQJlZoS0uMHN0Vz9bso2n0R-BGnB2SrkN9QhOLFHmvysukoHg,FozVIdtJ8Z1SMJeqO0Z65dLIkcN1S3OuFvJosFOOCF2a_CKDsn57OfALj43qe_xK1Trk1L3kTf46lQ,NA1_5487468302,420,1770607733383,100,True,2026-02-09 03:28:53.383000+00:00
dWZ_2cAChXMXbnpVFfaNpxoRGcPJXbQJlZoS0uMHN0Vz9bso2n0R-BGnB2SrkN9QhOLFHmvysukoHg,6jrMt54m1MFXLPKNEZcYpoS5Ou2ELOdhsHP4ZhpRUzYobf5cTgn3oeaaCCrj3xzYHXhqmkwoFVB2gQ,NA1_5487468302,420,1770607733383,100,True,2026-02-09 03:28:53.383000+00:00
dWZ_2cAChXMXbnpVFfaNpxoRGcPJXbQJlZoS0uMHN0Vz9bso2n0R-BGnB2SrkN9QhOLFHmvysukoHg,n1JxqLYFmWCVTwlIxJ5Kfnum3FlBRT-zrrbhrk6p6ulhBUHtjd4P2FAs5RHVG9jmA8s4mTNrCI5JWg,NA1_5487468302,420,1770607733383,100,True,2026-02-09 03:28:53.383000+00:00
dWZ_2cAChXMXbnpVFfaNpxoRGcPJXbQJlZoS0uMHN0Vz9bso2n0R-BGnB2SrkN9QhOLFHmvysukoHg,yZSYr5w2esBhQOcEgvQs1-9izeK0NL3zbY2XhKRdPy_P5dGfOQ9OFohmAweSuDWeDrBUgIWSD7LC2g,NA1_5487468302,420,1770607733383,100,True,2026-02-09 03:28:53.383000+00:00
n1JxqLYFmWCVTwlIxJ5Kfnum3FlBRT-zrrbhrk6p6ulhBUHtjd4P2FAs5RHVG9jmA8s4mTNrCI5JWg,FozVIdtJ8Z1SMJeqO0Z65dLIkcN1S3OuFvJosFOOCF2a_CKDsn57OfALj43qe_xK1Trk1L3kTf46lQ,NA1_5487468302,420,1770607733383,100,True,2026-02-09 03:28:53.383000+00:00
n1JxqLYFmWCVTwlIxJ5Kfnum3FlBRT-zrrbhrk6p6ulhBUHtjd4P2FAs5RHVG9jmA8s4mTNrCI5JWg,6jrMt54m1MFXLPKNEZcYpoS5Ou2ELOdhsHP4ZhpRUzYobf5cTgn3oeaaCCrj3xzYHXhqmkwoFVB2gQ,NA1_5487468302,420,1770607733383,100,True,2026-02-09 03:28:53.383000+00:00
n1JxqLYFmWCVTwlIxJ5Kfnum3FlBRT-zrrbhrk6p6ulhBUHtjd4P2FAs5RHVG9jmA8s4mTNrCI5JWg,dWZ_2cAChXMXbnpVFfaNpxoRGcPJXbQJlZoS0uMHN0Vz9bso2n0R-BGnB2SrkN9QhOLFHmvysukoHg,NA1_5487468302,420,1770607733383,100,True,2026-02-09 03:28:53.383000+00:00
n1JxqLYFmWCVTwlIxJ5Kfnum3FlBRT-zrrbhrk6p6ulhBUHtjd4P2FAs5RHVG9jmA8s4mTNrCI5JWg,yZSYr5w2esBhQOcEgvQs1-9izeK0NL3zbY2XhKRdPy_P5dGfOQ9OFohmAweSuDWeDrBUgIWSD7LC2g,NA1_5487468302,420,1770607733383,100,True,2026-02-09 03:28:53.383000+00:00
yZSYr5w2esBhQOcEgvQs1-9izeK0NL3zbY2XhKRdPy_P5dGfOQ9OFohmAweSuDWeDrBUgIWSD7LC2g,FozVIdtJ8Z1SMJeqO0Z65dLIkcN1S3OuFvJosFOOCF2a_CKDsn57OfALj43qe_xK1Trk1L3kTf46lQ,NA1_5487468302,420,1770607733383,100,True,2026-02-09 03:28:53.383000+00:00
yZSYr5w2esBhQOcEgvQs1-9izeK0NL3zbY2XhKRdPy_P5dGfOQ9OFohmAweSuDWeDrBUgIWSD7LC2g,6jrMt54m1MFXLPKNEZcYpoS5Ou2ELOdhsHP4ZhpRUzYobf5cTgn3oeaaCCrj3xzYHXhqmkwoFVB2gQ,NA1_5487468302,420,1770607733383,100,True,2026-02-09 03:28:53.383000+00:00
yZSYr5w2esBhQOcEgvQs1-9izeK0NL3zbY2XhKRdPy_P5dGfOQ9OFohmAweSuDWeDrBUgIWSD7LC2g,dWZ_2cAChXMXbnpVFfaNpxoRGcPJXbQJlZoS0uMHN0Vz9bso2n0R-BGnB2SrkN9QhOLFHmvysukoHg,NA1_5487468302,420,1770607733383,100,True,2026-02-09 03:28:53.383000+00:00
yZSYr5w2esBhQOcEgvQs1-9izeK0NL3zbY2XhKRdPy_P5dGfOQ9OFohmAweSuDWeDrBUgIWSD7LC2g,n1JxqLYFmWCVTwlIxJ5Kfnum3FlBRT-zrrbhrk6p6ulhBUHtjd4P2FAs5RHVG9jmA8s4mTNrCI5JWg,NA1_5487468302,420,1770607733383,100,True,2026-02-09 03:28:53.383000+00:00
ymDKXChOlbdPSqTmlrFuUR6Qs68wwUK9MWnXqWqODFDq00yzTAbASKroqCzsYrqEzKYBf2YOi9Ufww,Hv7y8z7Vf7f4wRdfwik7s5NoLWuxZAw1Q6hCf7TiWnsW3OVP5jTFLIa19h8fRn_1mdkgNtWCfZWCgQ,NA1_5487468302,420,1770607733383,200,False,2026-02-09 03:28:53.383000+00:00
ymDKXChOlbdPSqTmlrFuUR6Qs68wwUK9MWnXqWqODFDq00yzTAbASKroqCzsYrqEzKYBf2YOi9Ufww,3ygP754BUOido5M8FFhWaaUT4g607F4Ct-q5PbHwdV8FbJlLHc9OHbc-QprptdHaHjYGcqUr3IbRNQ,NA1_5487468302,420,1770607733383,200,False,2026-02-09 03:28:53.383000+00:00
ymDKXChOlbdPSqTmlrFuUR6Qs68wwUK9MWnXqWqODFDq00yzTAbASKroqCzsYrqEzKYBf2YOi9Ufww,-Afd_ffzlASg1FKT0JI8OYPgOd1EET9vHujWm0VoFUw75Wj2a_Pc4cSj7tX_Y1bQHlMkZLve_5LXyg,NA1_5487468302,420,1770607733383,200,False,2026-02-09 03:28:53.383000+00:00
ymDKXChOlbdPSqTmlrFuUR6Qs68wwUK9MWnXqWqODFDq00yzTAbASKroqCzsYrqEzKYBf2YOi9Ufww,JIV5cQ_0ZgOpOTTdiwFQ6QOX8tuhT4iAxsfS2SRCw3fNqGLvjRRQfKKdgL7srgApYm1wX5rVNKzJzQ,NA1_5487468302,420,1770607733383,200,False,2026-02-09 03:28:53.383000+00:00
Hv7y8z7Vf7f4wRdfwik7s5NoLWuxZAw1Q6hCf7TiWnsW3OVP5jTFLIa19h8fRn_1mdkgNtWCfZWCgQ,ymDKXChOlbdPSqTmlrFuUR6Qs68wwUK9MWnXqWqODFDq00yzTAbASKroqCzsYrqEzKYBf2YOi9Ufww,NA1_5487468302,420,1770607733383,200,False,2026-02-09 03:28:53.383000+00:00
Hv7y8z7Vf7f4wRdfwik7s5NoLWuxZAw1Q6hCf7TiWnsW3OVP5jTFLIa19h8fRn_1mdkgNtWCfZWCgQ,3ygP754BUOido5M8FFhWaaUT4g607F4Ct-q5PbHwdV8FbJlLHc9OHbc-QprptdHaHjYGcqUr3IbRNQ,NA1_5487468302,420,1770607733383,200,False,2026-02-09 03:28:53.383000+00:00
Hv7y8z7Vf7f4wRdfwik7s5NoLWuxZAw1Q6hCf7TiWnsW3OVP5jTFLIa19h8fRn_1mdkgNtWCfZWCgQ,-Afd_ffzlASg1FKT0JI8OYPgOd1EET9vHujWm0VoFUw75Wj2a_Pc4cSj7tX_Y1bQHlMkZLve_5LXyg,NA1_5487468302,420,1770607733383,200,False,2026-02-09 03:28:53.383000+00:00
Hv7y8z7Vf7f4wRdfwik7s5NoLWuxZAw1Q6hCf7TiWnsW3OVP5jTFLIa19h8fRn_1mdkgNtWCfZWCgQ,JIV5cQ_0ZgOpOTTdiwFQ6QOX8tuhT4iAxsfS2SRCw3fNqGLvjRRQfKKdgL7srgApYm1wX5rVNKzJzQ,NA1_5487468302,420,1770607733383,200,False,2026-02-09 03:28:53.383000+00:00
3ygP754BUOido5M8FFhWaaUT4g607F4Ct-q5PbHwdV8FbJlLHc9OHbc-QprptdHaHjYGcqUr3IbRNQ,ymDKXChOlbdPSqTmlrFuUR6Qs68wwUK9MWnXqWqODFDq00yzTAbASKroqCzsYrqEzKYBf2YOi9Ufww,NA1_5487468302,420,1770607733383,200,False,2026-02-09 03:28:53.383000+00:00
3ygP754BUOido5M8FFhWaaUT4g607F4Ct-q5PbHwdV8FbJlLHc9OHbc-QprptdHaHjYGcqUr3IbRNQ,Hv7y8z7Vf7f4wRdfwik7s5NoLWuxZAw1Q6hCf7TiWnsW3OVP5jTFLIa19h8fRn_1mdkgNtWCfZWCgQ,NA1_5487468302,420,1770607733383,200,False,2026-02-09 03:28:53.383000+00:00
3ygP754BUOido5M8FFhWaaUT4g607F4Ct-q5PbHwdV8FbJlLHc9OHbc-QprptdHaHjYGcqUr3IbRNQ,-Afd_ffzlASg1FKT0JI8OYPgOd1EET9vHujWm0VoFUw75Wj2a_Pc4cSj7tX_Y1bQHlMkZLve_5LXyg,NA1_5487468302,420,1770607733383,200,False,2026-02-09 03:28:53.383000+00:00
3ygP754BUOido5M8FFhWaaUT4g607F4Ct-q5PbHwdV8FbJlLHc9OHbc-QprptdHaHjYGcqUr3IbRNQ,JIV5cQ_0ZgOpOTTdiwFQ6QOX8tuhT4iAxsfS2SRCw3fNqGLvjRRQfKKdgL7srgApYm1wX5rVNKzJzQ,NA1_5487468302,420,1770607733383,200,False,2026-02-09 03:28:53.383000+00:00
-Afd_ffzlASg1FKT0JI8OYPgOd1EET9vHujWm0VoFUw75Wj2a_Pc4cSj7tX_Y1bQHlMkZLve_5LXyg,ymDKXChOlbdPSqTmlrFuUR6Qs68wwUK9MWnXqWqODFDq00yzTAbASKroqCzsYrqEzKYBf2YOi9Ufww,NA1_5487468302,420,1770607733383,200,False,2026-02-09 03:28:53.383000+00:00
-Afd_ffzlASg1FKT0JI8OYPgOd1EET9vHujWm0VoFUw75Wj2a_Pc4cSj7tX_Y1bQHlMkZLve_5LXyg,Hv7y8z7Vf7f4wRdfwik7s5NoLWuxZAw1Q6hCf7TiWnsW3OVP5jTFLIa19h8fRn_1mdkgNtWCfZWCgQ,NA1_5487468302,420,1770607733383,200,False,2026-02-09 03:28:53.383000+00:00
-Afd_ffzlASg1FKT0JI8OYPgOd1EET9vHujWm0VoFUw75Wj2a_Pc4cSj7tX_Y1bQHlMkZLve_5LXyg,3ygP754BUOido5M8FFhWaaUT4g607F4Ct-q5PbHwdV8FbJlLHc9OHbc-QprptdHaHjYGcqUr3IbRNQ,NA1_5487468302,420,1770607733383,200,False,2026-02-09 03:28:53.383000+00:00
-Afd_ffzlASg1FKT0JI8OYPgOd1EET9vHujWm0VoFUw75Wj2a_Pc4cSj7tX_Y1bQHlMkZLve_5LXyg,JIV5cQ_0ZgOpOTTdiwFQ6QOX8tuhT4iAxsfS2SRCw3fNqGLvjRRQfKKdgL7srgApYm1wX5rVNKzJzQ,NA1_5487468302,420,1770607733383,200,False,2026-02-09 03:28:53.383000+00:00
JIV5cQ_0ZgOpOTTdiwFQ6QOX8tuhT4iAxsfS2SRCw3fNqGLvjRRQfKKdgL7srgApYm1wX5rVNKzJzQ,ymDKXChOlbdPSqTmlrFuUR6Qs68wwUK9MWnXqWqODFDq00yzTAbASKroqCzsYrqEzKYBf2YOi9Ufww,NA1_5487468302,420,1770607733383,200,False,2026-02-09 03:28:53.383000+00:00
JIV5cQ_0ZgOpOTTdiwFQ6QOX8tuhT4iAxsfS2SRCw3fNqGLvjRRQfKKdgL7srgApYm1wX5rVNKzJzQ,Hv7y8z7Vf7f4wRdfwik7s5NoLWuxZAw1Q6hCf7TiWnsW3OVP5jTFLIa19h8fRn_1mdkgNtWCfZWCgQ,NA1_5487468302,420,1770607733383,200,False,2026-02-09 03:28:53.383000+00:00
JIV5cQ_0ZgOpOTTdiwFQ6QOX8tuhT4iAxsfS2SRCw3fNqGLvjRRQfKKdgL7srgApYm1wX5rVNKzJzQ,3ygP754BUOido5M8FFhWaaUT4g607F4Ct-q5PbHwdV8FbJlLHc9OHbc-QprptdHaHjYGcqUr3IbRNQ,NA1_5487468302,420,1770607733383,200,False,2026-02-09 03:28:53.383000+00:00
JIV5cQ_0ZgOpOTTdiwFQ6QOX8tuhT4iAxsfS2SRCw3fNqGLvjRRQfKKdgL7srgApYm1wX5rVNKzJzQ,-Afd_ffzlASg1FKT0JI8OYPgOd1EET9vHujWm0VoFUw75Wj2a_Pc4cSj7tX_Y1bQHlMkZLve_5LXyg,NA1_5487468302,420,1770607733383,200,False,2026-02-09 03:28:53.383000+00:00
6-A4VlcuvpB5dPJ-S2k0mn0GxVJUMGNghXybKjZtUoyHJbw2TkHH07i8ix1noSxri_D7KMV-48Fn6Q,bkNizpmVvvbWGN6XwHQix9pjzm6PpYHUg9MU3ogx8ldnjhL3e91MBcqHbVrFbomq5qiLe2EvHb_zdQ,NA1_5487540553,420,1770611699664,100,True,2026-02-09 04:34:59.664000+00:00
6-A4VlcuvpB5dPJ-S2k0mn0GxVJUMGNghXybKjZtUoyHJbw2TkHH07i8ix1noSxri_D7KMV-48Fn6Q,KEFAYTebmjaGScHxK8xQHt66XrznWlHriEhsq35jJD1d9u0ESoJF4tXc6AL8cA4KGAHhM-pO7pv-yw,NA1_5487540553,420,1770611699664,100,True,2026-02-09 04:34:59.664000+00:00
6-A4VlcuvpB5dPJ-S2k0mn0GxVJUMGNghXybKjZtUoyHJbw2TkHH07i8ix1noSxri_D7KMV-48Fn6Q,HDTpfkGZvHmEauKkvzyBBCUl9NtVWa8uxVaBQyo2S6smGBJUJVV-dYqlw8LbAq845mjYddSLNIo48w,NA1_5487540553,420,1770611699664,100,True,2026-02-09 04:34:59.664000+00:00
6-A4VlcuvpB5dPJ-S2k0mn0GxVJUMGNghXybKjZtUoyHJbw2TkHH07i8ix1noSxri_D7KMV-48Fn6Q,JIV5cQ_0ZgOpOTTdiwFQ6QOX8tuhT4iAxsfS2SRCw3fNqGLvjRRQfKKdgL7srgApYm1wX5rVNKzJzQ,NA1_5487540553,420,1770611699664,100,True,2026-02-09 04:34:59.664000+00:00
bkNizpmVvvbWGN6XwHQix9pjzm6PpYHUg9MU3ogx8ldnjhL3e91MBcqHbVrFbomq5qiLe2EvHb_zdQ,6-A4VlcuvpB5dPJ-S2k0mn0GxVJUMGNghXybKjZtUoyHJbw2TkHH07i8ix1noSxri_D7KMV-48Fn6Q,NA1_5487540553,420,1770611699664,100,True,2026-02-09 04:34:59.664000+00:00
bkNizpmVvvbWGN6XwHQix9pjzm6PpYHUg9MU3ogx8ldnjhL3e91MBcqHbVrFbomq5qiLe2EvHb_zdQ,KEFAYTebmjaGScHxK8xQHt66XrznWlHriEhsq35jJD1d9u0ESoJF4tXc6AL8cA4KGAHhM-pO7pv-yw,NA1_5487540553,420,1770611699664,100,True,2026-02-09 04:34:59.664000+00:00
bkNizpmVvvbWGN6XwHQix9pjzm6PpYHUg9MU3ogx8ldnjhL3e91MBcqHbVrFbomq5qiLe2EvHb_zdQ,HDTpfkGZvHmEauKkvzyBBCUl9NtVWa8uxVaBQyo2S6smGBJUJVV-dYqlw8LbAq845mjYddSLNIo48w,NA1_5487540553,420,1770611699664,100,True,2026-02-09 04:34:59.664000+00:00
bkNizpmVvvbWGN6XwHQix9pjzm6PpYHUg9MU3ogx8ldnjhL3e91MBcqHbVrFbomq5qiLe2EvHb_zdQ,JIV5cQ_0ZgOpOTTdiwFQ6QOX8tuhT4iAxsfS2SRCw3fNqGLvjRRQfKKdgL7srgApYm1wX5rVNKzJzQ,NA1_5487540553,420,1770611699664,100,True,2026-02-09 04:34:59.664000+00:00
KEFAYTebmjaGScHxK8xQHt66XrznWlHriEhsq35jJD1d9u0ESoJF4tXc6AL8cA4KGAHhM-pO7pv-yw,6-A4VlcuvpB5dPJ-S2k0mn0GxVJUMGNghXybKjZtUoyHJbw2TkHH07i8ix1noSxri_D7KMV-48Fn6Q,NA1_5487540553,420,1770611699664,100,True,2026-02-09 04:34:59.664000+00:00
KEFAYTebmjaGScHxK8xQHt66XrznWlHriEhsq35jJD1d9u0ESoJF4tXc6AL8cA4KGAHhM-pO7pv-yw,bkNizpmVvvbWGN6XwHQix9pjzm6PpYHUg9MU3ogx8ldnjhL3e91MBcqHbVrFbomq5qiLe2EvHb_zdQ,NA1_5487540553,420,1770611699664,100,True,2026-02-09 04:34:59.664000+00:00
KEFAYTebmjaGScHxK8xQHt66XrznWlHriEhsq35jJD1d9u0ESoJF4tXc6AL8cA4KGAHhM-pO7pv-yw,HDTpfkGZvHmEauKkvzyBBCUl9NtVWa8uxVaBQyo2S6smGBJUJVV-dYqlw8LbAq845mjYddSLNIo48w,NA1_5487540553,420,1770611699664,100,True,2026-02-09 04:34:59.664000+00:00
KEFAYTebmjaGScHxK8xQHt66XrznWlHriEhsq35jJD1d9u0ESoJF4tXc6AL8cA4KGAHhM-pO7pv-yw,JIV5cQ_0ZgOpOTTdiwFQ6QOX8tuhT4iAxsfS2SRCw3fNqGLvjRRQfKKdgL7srgApYm1wX5rVNKzJzQ,NA1_5487540553,420,1770611699664,100,True,2026-02-09 04:34:59.664000+00:00
HDTpfkGZvHmEauKkvzyBBCUl9NtVWa8uxVaBQyo2S6smGBJUJVV-dYqlw8LbAq845mjYddSLNIo48w,6-A4VlcuvpB5dPJ-S2k0mn0GxVJUMGNghXybKjZtUoyHJbw2TkHH07i8ix1noSxri_D7KMV-48Fn6Q,NA1_5487540553,420,1770611699664,100,True,2026-02-09 04:34:59.664000+00:00
HDTpfkGZvHmEauKkvzyBBCUl9NtVWa8uxVaBQyo2S6smGBJUJVV-dYqlw8LbAq845mjYddSLNIo48w,bkNizpmVvvbWGN6XwHQix9pjzm6PpYHUg9MU3ogx8ldnjhL3e91MBcqHbVrFbomq5qiLe2EvHb_zdQ,NA1_5487540553,420,1770611699664,100,True,2026-02-09 04:34:59.664000+00:00
HDTpfkGZvHmEauKkvzyBBCUl9NtVWa8uxVaBQyo2S6smGBJUJVV-dYqlw8LbAq845mjYddSLNIo48w,KEFAYTebmjaGScHxK8xQHt66XrznWlHriEhsq35jJD1d9u0ESoJF4tXc6AL8cA4KGAHhM-pO7pv-yw,NA1_5487540553,420,1770611699664,100,True,2026-02-09 04:34:59.664000+00:00
HDTpfkGZvHmEauKkvzyBBCUl9NtVWa8uxVaBQyo2S6smGBJUJVV-dYqlw8LbAq845mjYddSLNIo48w,JIV5cQ_0ZgOpOTTdiwFQ6QOX8tuhT4iAxsfS2SRCw3fNqGLvjRRQfKKdgL7srgApYm1wX5rVNKzJzQ,NA1_5487540553,420,1770611699664,100,True,2026-02-09 04:34:59.664000+00:00
JIV5cQ_0ZgOpOTTdiwFQ6QOX8tuhT4iAxsfS2SRCw3fNqGLvjRRQfKKdgL7srgApYm1wX5rVNKzJzQ,6-A4VlcuvpB5dPJ-S2k0mn0GxVJUMGNghXybKjZtUoyHJbw2TkHH07i8ix1noSxri_D7KMV-48Fn6Q,NA1_5487540553,420,1770611699664,100,True,2026-02-09 04:34:59.664000+00:00
JIV5cQ_0ZgOpOTTdiwFQ6QOX8tuhT4iAxsfS2SRCw3fNqGLvjRRQfKKdgL7srgApYm1wX5rVNKzJzQ,bkNizpmVvvbWGN6XwHQix9pjzm6PpYHUg9MU3ogx8ldnjhL3e91MBcqHbVrFbomq5qiLe2EvHb_zdQ,NA1_5487540553,420,1770611699664,100,True,2026-02-09 04:34:59.664000+00:00
JIV5cQ_0ZgOpOTTdiwFQ6QOX8tuhT4iAxsfS2SRCw3fNqGLvjRRQfKKdgL7srgApYm1wX5rVNKzJzQ,KEFAYTebmjaGScHxK8xQHt66XrznWlHriEhsq35jJD1d9u0ESoJF4tXc6AL8cA4KGAHhM-pO7pv-yw,NA1_5487540553,420,1770611699664,100,True,2026-02-09 04:34:59.664000+00:00
JIV5cQ_0ZgOpOTTdiwFQ6QOX8tuhT4iAxsfS2SRCw3fNqGLvjRRQfKKdgL7srgApYm1wX5rVNKzJzQ,HDTpfkGZvHmEauKkvzyBBCUl9NtVWa8uxVaBQyo2S6smGBJUJVV-dYqlw8LbAq845mjYddSLNIo48w,NA1_5487540553,420,1770611699664,100,True,2026-02-09 04:34:59.664000+00:00
GgWONQG9uERHfdKHwbxnBWpr8Qs0KCPjo7nu27Sd5ZOkoqmhFpGyJRmiwb0IaOpMzhKNFROAHLHTsQ,3Nyez-HZNi9kICri80ZomrthLNERk6-NhtdJvvhmu3tI8h6zcQxUlcxUYK7UTGMur_gvPzPtQrVUtg,NA1_5487540553,420,1770611699664,200,False,2026-02-09 04:34:59.664000+00:00
GgWONQG9uERHfdKHwbxnBWpr8Qs0KCPjo7nu27Sd5ZOkoqmhFpGyJRmiwb0IaOpMzhKNFROAHLHTsQ,T4NxY45p0tfnxv-A8u3cfnVerL8zTfpVzH7Q3rdPDftLWSyrW5to3MlZLWCyA2qokEeNKHpGppbE3Q,NA1_5487540553,420,1770611699664,200,False,2026-02-09 04:34:59.664000+00:00
GgWONQG9uERHfdKHwbxnBWpr8Qs0KCPjo7nu27Sd5ZOkoqmhFpGyJRmiwb0IaOpMzhKNFROAHLHTsQ,8-PxFzRE4s2s6iPk8PU24JHFVvKWF_iqWmte9KFenkeI7Uzx_zFIg0UHmuIVB5wz69iEpuQ6ujpBbg,NA1_5487540553,420,1770611699664,200,False,2026-02-09 04:34:59.664000+00:00
GgWONQG9uERHfdKHwbxnBWpr8Qs0KCPjo7nu27Sd5ZOkoqmhFpGyJRmiwb0IaOpMzhKNFROAHLHTsQ,eoOXNEH8Dq_5ZR6r_fNZntv-_M3EIlAhQgt2SgB8XmrqZenZ4dnVtzchRliFJeg7vm7s9DQg8A0Yag,NA1_5487540553,420,1770611699664,200,False,2026-02-09 04:34:59.664000+00:00
3Nyez-HZNi9kICri80ZomrthLNERk6-NhtdJvvhmu3tI8h6zcQxUlcxUYK7UTGMur_gvPzPtQrVUtg,GgWONQG9uERHfdKHwbxnBWpr8Qs0KCPjo7nu27Sd5ZOkoqmhFpGyJRmiwb0IaOpMzhKNFROAHLHTsQ,NA1_5487540553,420,1770611699664,200,False,2026-02-09 04:34:59.664000+00:00
3Nyez-HZNi9kICri80ZomrthLNERk6-NhtdJvvhmu3tI8h6zcQxUlcxUYK7UTGMur_gvPzPtQrVUtg,T4NxY45p0tfnxv-A8u3cfnVerL8zTfpVzH7Q3rdPDftLWSyrW5to3MlZLWCyA2qokEeNKHpGppbE3Q,NA1_5487540553,420,1770611699664,200,False,2026-02-09 04:34:59.664000+00:00
3Nyez-HZNi9kICri80ZomrthLNERk6-NhtdJvvhmu3tI8h6zcQxUlcxUYK7UTGMur_gvPzPtQrVUtg,8-PxFzRE4s2s6iPk8PU24JHFVvKWF_iqWmte9KFenkeI7Uzx_zFIg0UHmuIVB5wz69iEpuQ6ujpBbg,NA1_5487540553,420,1770611699664,200,False,2026-02-09 04:34:59.664000+00:00
3Nyez-HZNi9kICri80ZomrthLNERk6-NhtdJvvhmu3tI8h6zcQxUlcxUYK7UTGMur_gvPzPtQrVUtg,eoOXNEH8Dq_5ZR6r_fNZntv-_M3EIlAhQgt2SgB8XmrqZenZ4dnVtzchRliFJeg7vm7s9DQg8A0Yag,NA1_5487540553,420,1770611699664,200,False,2026-02-09 04:34:59.664000+00:00
T4NxY45p0tfnxv-A8u3cfnVerL8zTfpVzH7Q3rdPDftLWSyrW5to3MlZLWCyA2qokEeNKHpGppbE3Q,GgWONQG9uERHfdKHwbxnBWpr8Qs0KCPjo7nu27Sd5ZOkoqmhFpGyJRmiwb0IaOpMzhKNFROAHLHTsQ,NA1_5487540553,420,1770611699664,200,False,2026-02-09 04:34:59.664000+00:00
T4NxY45p0tfnxv-A8u3cfnVerL8zTfpVzH7Q3rdPDftLWSyrW5to3MlZLWCyA2qokEeNKHpGppbE3Q,3Nyez-HZNi9kICri80ZomrthLNERk6-NhtdJvvhmu3tI8h6zcQxUlcxUYK7UTGMur_gvPzPtQrVUtg,NA1_5487540553,420,1770611699664,200,False,2026-02-09 04:34:59.664000+00:00
T4NxY45p0tfnxv-A8u3cfnVerL8zTfpVzH7Q3rdPDftLWSyrW5to3MlZLWCyA2qokEeNKHpGppbE3Q,8-PxFzRE4s2s6iPk8PU24JHFVvKWF_iqWmte9KFenkeI7Uzx_zFIg0UHmuIVB5wz69iEpuQ6ujpBbg,NA1_5487540553,420,1770611699664,200,False,2026-02-09 04:34:59.664000+00:00
T4NxY45p0tfnxv-A8u3cfnVerL8zTfpVzH7Q3rdPDftLWSyrW5to3MlZLWCyA2qokEeNKHpGppbE3Q,eoOXNEH8Dq_5ZR6r_fNZntv-_M3EIlAhQgt2SgB8XmrqZenZ4dnVtzchRliFJeg7vm7s9DQg8A0Yag,NA1_5487540553,420,1770611699664,200,False,2026-02-09 04:34:59.664000+00:00
8-PxFzRE4s2s6iPk8PU24JHFVvKWF_iqWmte9KFenkeI7Uzx_zFIg0UHmuIVB5wz69iEpuQ6ujpBbg,GgWONQG9uERHfdKHwbxnBWpr8Qs0KCPjo7nu27Sd5ZOkoqmhFpGyJRmiwb0IaOpMzhKNFROAHLHTsQ,NA1_5487540553,420,1770611699664,200,False,2026-02-09 04:34:59.664000+00:00
8-PxFzRE4s2s6iPk8PU24JHFVvKWF_iqWmte9KFenkeI7Uzx_zFIg0UHmuIVB5wz69iEpuQ6ujpBbg,3Nyez-HZNi9kICri80ZomrthLNERk6-NhtdJvvhmu3tI8h6zcQxUlcxUYK7UTGMur_gvPzPtQrVUtg,NA1_5487540553,420,1770611699664,200,False,2026-02-09 04:34:59.664000+00:00
8-PxFzRE4s2s6iPk8PU24JHFVvKWF_iqWmte9KFenkeI7Uzx_zFIg0UHmuIVB5wz69iEpuQ6ujpBbg,T4NxY45p0tfnxv-A8u3cfnVerL8zTfpVzH7Q3rdPDftLWSyrW5to3MlZLWCyA2qokEeNKHpGppbE3Q,NA1_5487540553,420,1770611699664,200,False,2026-02-09 04:34:59.664000+00:00
8-PxFzRE4s2s6iPk8PU24JHFVvKWF_iqWmte9KFenkeI7Uzx_zFIg0UHmuIVB5wz69iEpuQ6ujpBbg,eoOXNEH8Dq_5ZR6r_fNZntv-_M3EIlAhQgt2SgB8XmrqZenZ4dnVtzchRliFJeg7vm7s9DQg8A0Yag,NA1_5487540553,420,1770611699664,200,False,2026-02-09 04:34:59.664000+00:00
eoOXNEH8Dq_5ZR6r_fNZntv-_M3EIlAhQgt2SgB8XmrqZenZ4dnVtzchRliFJeg7vm7s9DQg8A0Yag,GgWONQG9uERHfdKHwbxnBWpr8Qs0KCPjo7nu27Sd5ZOkoqmhFpGyJRmiwb0IaOpMzhKNFROAHLHTsQ,NA1_5487540553,420,1770611699664,200,False,2026-02-09 04:34:59.664000+00:00
eoOXNEH8Dq_5ZR6r_fNZntv-_M3EIlAhQgt2SgB8XmrqZenZ4dnVtzchRliFJeg7vm7s9DQg8A0Yag,3Nyez-HZNi9kICri80ZomrthLNERk6-NhtdJvvhmu3tI8h6zcQxUlcxUYK7UTGMur_gvPzPtQrVUtg,NA1_5487540553,420,1770611699664,200,False,2026-02-09 04:34:59.664000+00:00
eoOXNEH8Dq_5ZR6r_fNZntv-_M3EIlAhQgt2SgB8XmrqZenZ4dnVtzchRliFJeg7vm7s9DQg8A0Yag,T4NxY45p0tfnxv-A8u3cfnVerL8zTfpVzH7Q3rdPDftLWSyrW5to3MlZLWCyA2qokEeNKHpGppbE3Q,NA1_5487540553,420,1770611699664,200,False,2026-02-09 04:34:59.664000+00:00
eoOXNEH8Dq_5ZR6r_fNZntv-_M3EIlAhQgt2SgB8XmrqZenZ4dnVtzchRliFJeg7vm7s9DQg8A0Yag,8-PxFzRE4s2s6iPk8PU24JHFVvKWF_iqWmte9KFenkeI7Uzx_zFIg0UHmuIVB5wz69iEpuQ6ujpBbg,NA1_5487540553,420,1770611699664,200,False,2026-02-09 04:34:59.664000+00:00
